title,price,status,url
Кодекс: Тираниды (8-я редакция) на русском языке,1 790 ₽,В наличии,https://hobbygames.ru/kodeks-tiranidi-8-ja-redakcija-na-russkom-jazike
Кодекс: Некроны (8-я редакция) на русском языке,1 790 ₽,В наличии,https://hobbygames.ru/kodeks-nekroni-8-ja-redakcija-na-russkom-jazike
Кодекс: Искусственные миры (8-я редакция) на русском языке,1 490 ₽,В наличии,https://hobbygames.ru/warhammer-40000-kodeks-iskusstvennie-miri
Кодекс: Орки (8-я редакция) на русском языке,1 790 ₽,В наличии,https://hobbygames.ru/kodeks-orki-8-ja-redakcija
Кодекс: Астра Милитарум (8-я редакция) на русском языке,1 790 ₽,В наличии,https://hobbygames.ru/warhammer-40000-kodeks-astra-militarum
Кодекс Еретиков-Астартес: Космодесант Хаоса (8-я редакция) на русском языке,1 790 ₽,В наличии,https://hobbygames.ru/kodeks-eretikov-astartes-kosmodesant-haosa-8-ja-redakcija
Space Marines Primaris Captain in Phobos Armour,1 674 ₽,В наличии,https://hobbygames.ru/space-marines-primaris-captain-in-phobos-armour
Space Marines Primaris Lieutenant with Power Sword,1 674 ₽,В наличии,https://hobbygames.ru/space-marines-lieutenant-with-power-sword
Space Marines Primaris Librarian in Phobos Armour,1 790 ₽,В наличии,https://hobbygames.ru/space-marines-primaris-librarian-in-phobos-armour
Кодекс Еретиков-Астартес: Гвардия Смерти (8-я редакция) на русском языке,1 490 ₽,В наличии,https://hobbygames.ru/kodeks-eretikov-astartes-gvardija-smerti-8-ja-redakcija
Datacards: White Scars 8th edition,837 ₽,В наличии,https://hobbygames.ru/datacards-white-scars-8th-edition
Codex Supplement: White Scars 8th edition (Hardback),1 744 ₽,В наличии,https://hobbygames.ru/codex-supplement-white-scars-8th-edition-hardback
Codex Supplement: Ultramarines 8th edition (Hardback),1 744 ₽,В наличии,https://hobbygames.ru/codex-supplement-ultramarines-8th-edition-hardback
Datacards: Space Marines 8th Edition 2019,,Нет в наличии,https://hobbygames.ru/datacards-space-marines-8th-edition-2019
Codex: Space Marines 2019 8th Edition (Hardback),,Нет в наличии,https://hobbygames.ru/codex-space-marines-2019-8th-edition-hardback
Datacards: Chaos Knights,837 ₽,В наличии,https://hobbygames.ru/datacards-chaos-knights
Datacards: Ultramarines 8th edition,837 ₽,В наличии,https://hobbygames.ru/datacards-ultramarines-8th-edition
Codex: Chaos Knights 8th edition (Hardback),2 492 ₽,В наличии,https://hobbygames.ru/codex-chaos-knights
Кодекс: Культы Генокрадов (8-я редакция) на русском языке,1 790 ₽,В наличии,https://hobbygames.ru/kodeks-kulti-genokradov-8-ja-redakcija-na-russkom-jazike
Chaos Space Marines Lord,1 460 ₽,В наличии,https://hobbygames.ru/chaos-space-marines-lord
Realm of Chaos: Wrath & Rapture,7 951 ₽,В наличии,https://hobbygames.ru/realm-of-chaos-wrath-and-rapture
"Warhammer 40,000: Shadowspear",8 788 ₽,В наличии,https://hobbygames.ru/warhammer-40000-shadowspear
Daemons of Khorne: Flesh Hounds,2 511 ₽,В наличии,https://hobbygames.ru/daemons-of-khorne-flesh-hounds
Codex: Genestealer Cults 8th edition (Hardback) на английском языке,2 492 ₽,В наличии,https://hobbygames.ru/codex-genestealers-cults-hb
Speed Freeks,7 533 ₽,В наличии,https://hobbygames.ru/speed-freeks
Daemons of Khorne: Karanak,1 674 ₽,В наличии,https://hobbygames.ru/karanak-the-hound-of-vengeance
Genestealer Cults Clamavus,1 460 ₽,В наличии,https://hobbygames.ru/genestealer-cults-clamavus
Imperial Fists Primaris Upgrades and Transfers Sheet,1 228 ₽,Нет в наличии,https://hobbygames.ru/imperial-fists-primaris-upgrades-and-transfers-sheet
Chaos Space Marines Dark Apostle,1 883 ₽,В наличии,https://hobbygames.ru/chaos-space-marines-dark-apostle
Daemons of Slaanesh Fiends,2 511 ₽,В наличии,https://hobbygames.ru/daemons-of-slaanesh-fiends
Chaos Space Marines Master of Executions,1 460 ₽,В наличии,https://hobbygames.ru/chaos-space-marines-master-of-executions
Genestealer Cults Locus,1 460 ₽,В наличии,https://hobbygames.ru/genestealer-cults-locus
Codex: Chaos Space Marines 2019 8th edition (Hardback) на английском языке,2 492 ₽,В наличии,https://hobbygames.ru/codex-chaos-space-marines-2019
Daemons of Khorne: Bloodmaster,1 460 ₽,В наличии,https://hobbygames.ru/daemons-of-khorne-bloodmaster-product-69547
Genestealer Cults Biophagus,1 460 ₽,В наличии,https://hobbygames.ru/genestealer-cults-biophagus
Genestealer Cults Abominant,1 460 ₽,В наличии,https://hobbygames.ru/genestealer-cults-abominant
Craftworlds Vanguard Detachment,8 370 ₽,В наличии,https://hobbygames.ru/craftworlds-vanguard-detachment
Genestealer Cults Nexos,1 460 ₽,В наличии,https://hobbygames.ru/genestealer-cults-nexos
Codex Supplement: Champions of Fenris 7th edition,1 911 ₽,В наличии,https://hobbygames.ru/champions-of-fenris
Daemons of Slaanesh The Contorted Epitome,2 511 ₽,В наличии,https://hobbygames.ru/daemons-of-slaanesh-the-contorted-epitome
Daemons Of Slaanesh Infernal Enrapturess,2 092 ₽,В наличии,https://hobbygames.ru/daemons-of-slaanesh-infernal-enrapturess
Daemons of Slaanesh Keeper of Secrets,7 114 ₽,В наличии,https://hobbygames.ru/daemons-of-slaanesh-keeper-of-secrets
Salamanders Primaris Upgrades and Transfers Sheet,1 228 ₽,Нет в наличии,https://hobbygames.ru/salamanders-primaris-upgrades-and-transfers-sheet
Orks Kustom Boosta-Blasta,2 511 ₽,В наличии,https://hobbygames.ru/orks-kustom-boosta-blasta
"Chaos Space Marines Vex Machinator, Arch-Lord Discordant",3 348 ₽,В наличии,https://hobbygames.ru/chaos-space-marines-vex-machinator
Codex: Deathwatch 8th edition (Hardback),2 492 ₽,В наличии,https://hobbygames.ru/codex-deathwatch-hardback
Chaos Space Marines Noctilith Crown,2 511 ₽,В наличии,https://hobbygames.ru/chaos-space-marines-noctilith-crown
Datacards: Genestealer Cults 7th edition,632 ₽,В наличии,https://hobbygames.ru/datacards-genestealer-cults
Salamanders Adrax Agatone,2 048 ₽,Нет в наличии,https://hobbygames.ru/salamanders-adrax-agatone
Daemons of Slaanesh The Masque,1 460 ₽,В наличии,https://hobbygames.ru/daemons-of-slaanesh-the-masque
Sector Mechanicus Tectonic Fragdrill,2 925 ₽,В наличии,https://hobbygames.ru/sector-mechanicus-tectonic-fragdrill
Genestealer Cults Jackal Alphus,1 883 ₽,В наличии,https://hobbygames.ru/genestealer-cults-jackal-alphus
Genestealer Cults Sanctus,1 460 ₽,В наличии,https://hobbygames.ru/genestealer-cults-sanctus
Herald of Tzeentch on Burning Chariot,2 092 ₽,В наличии,https://hobbygames.ru/herald-of-tzeentch-on-burning-chariot
Genestealer Cults Achilles Ridgerunner,2 511 ₽,В наличии,https://hobbygames.ru/genestealer-cults-achilles-ridgerunner
Codex: Space Wolves 8th edition (Hardback) ,2 492 ₽,В наличии,https://hobbygames.ru/codex-space-wolves-hb-english
Codex: Astra Militarum 7th edition (softback),2 353 ₽,В наличии,https://hobbygames.ru/codex-astra-militarum-softback
Codex Supplement: Iron Hands 8th edition (Hardback),1 708 ₽,Нет в наличии,https://hobbygames.ru/codex-supplement-iron-hands-8th-edition-hardback
Genestealer Cults Atalan Jackals,2 716 ₽,В наличии,https://hobbygames.ru/genestealer-cults-atalan-jackals
Kill Team: Space Wolves Dice Set,670 ₽,В наличии,https://hobbygames.ru/kill-team-space-wolves-dice-set
Imperial Fists Tor Garadon,2 048 ₽,Нет в наличии,https://hobbygames.ru/imperial-fists-tor-garadon
"Daemons of Slaanesh Syll'esske, The Vengeful Allegiance",2 511 ₽,В наличии,https://hobbygames.ru/daemons-of-slaanesh-syll-esske-the-vengeful-allegiance
Kill Team: Genestealer Cults Dice Set,670 ₽,В наличии,https://hobbygames.ru/kill-team-genestealer-cults-dice-set
Codex: Imperial Knights 8th edition (Hardback),2 492 ₽,В наличии,https://hobbygames.ru/codex-imperial-knights-hb-english
Chaos Space Marines Abaddon the Despoiler,3 134 ₽,В наличии,https://hobbygames.ru/chaos-space-marines-abaddon-the-despoiler
Genestealer Cults Dice,1 460 ₽,В наличии,https://hobbygames.ru/genestealer-cults-dice
Codex: Dark Angels 7th edition,2 827 ₽,В наличии,https://hobbygames.ru/codex-dark-angels-sb-english
Space Marine Land Speeder,1 674 ₽,В наличии,https://hobbygames.ru/space-marine-land-speeder
Daemons of Khorne: Skulltaker,1 674 ₽,В наличии,https://hobbygames.ru/daemons-of-khorne-skulltaker
Orks Shokkjump Dragsta,2 511 ₽,В наличии,https://hobbygames.ru/orks-shokkjump-dragsta
Codex: Orks 8th edition (Hardback) на английском языке,2 492 ₽,В наличии,https://hobbygames.ru/codex-orks-hb-english
Tyranid Genestealers,1 674 ₽,В наличии,https://hobbygames.ru/gw-wh40k-tyranid-genestealers
Chaos Space Marine Terminators 2019,2 925 ₽,В наличии,https://hobbygames.ru/chaos-space-marine-terminators-2019
Gathering Storm 2: Fracture of Biel-Tan (Hardback),2 827 ₽,В наличии,https://hobbygames.ru/gathering-storm-fracture-of-biel-tan
Codex: Genestealer Cults 7th edition (Hardback),2 827 ₽,В наличии,https://hobbygames.ru/codex-genestealer-cults-hb
Codex: Harlequins 8th edition (Hardback),1 990 ₽,В наличии,https://hobbygames.ru/codex-harlequins-hardback
Daemons of Tzeentch Screamers,1 674 ₽,В наличии,https://hobbygames.ru/daemons-of-tzeentch-screamers
Tau Empire Tidewall Rampart,7 951 ₽,В наличии,https://hobbygames.ru/tau-empire-tidewall-rampart
Stormcloud Attack: The Ancient & The Greater Good,4 743 ₽,В наличии,https://hobbygames.ru/stormcloud-attack-the-ancient-andamp-the-greater-good
Tyranid Tyrannofex/Tervigon,2 925 ₽,В наличии,https://hobbygames.ru/tyranid-tyrannofex-tervigon
Imperium Nihilus: Vigilus Ablaze (Hardback),2 990 ₽,В наличии,https://hobbygames.ru/imperium-nihilus-vigilus-ablaze
Codex: Craftworlds 8th edition (Hardback) на английском языке,2 492 ₽,В наличии,https://hobbygames.ru/codex-craftworlds-hb-english
Codex: Astra Militarum 8th edition (Hardback) на английском языке,2 492 ₽,В наличии,https://hobbygames.ru/codex-astra-militarum-hard-back
Cadre Fireblade,1 251 ₽,В наличии,https://hobbygames.ru/t-au-empire-cadre-fireblade
Codex: Space Marines 8th edition (Hardback) на английском языке,2 990 ₽,В наличии,https://hobbygames.ru/codex-space-marines-hardback-english
Datacards: Genestealer Cults 8th edition,837 ₽,В наличии,https://hobbygames.ru/datacards-genestealer-cults-english
Aeldari Webway Gate,2 092 ₽,В наличии,https://hobbygames.ru/aeldari-webway-gate
How to paint: Burning of Prospero,567 ₽,В наличии,https://hobbygames.ru/how-to-paint-burning-of-prospero-eng
Space Wolves Pack,2 092 ₽,В наличии,https://hobbygames.ru/space-wolves-pack
Tau Empire Tidewall Shieldline,2 925 ₽,В наличии,https://hobbygames.ru/tau-empire-tidewall-shieldline
Chaos Space Marines Bikers,1 758 ₽,В наличии,https://hobbygames.ru/chaos-bikers
Tyranid Trygon/Mawloc,3 766 ₽,В наличии,https://hobbygames.ru/tyranid-trygon-mawloc
Genestealer Cults Aberrants,2 092 ₽,В наличии,https://hobbygames.ru/genestealer-cults-aberrants
Orks Megatrakk Scrapjet,2 511 ₽,В наличии,https://hobbygames.ru/orks-megatrakk-scrapjet
Start Collecting! Blood Angels,5 022 ₽,В наличии,https://hobbygames.ru/start-collecting-blood-angels
Craftworlds Wraithknight,7 114 ₽,В наличии,https://hobbygames.ru/craftworlds-wraithknight
Codex: Dark Eldar 7th edition,2 353 ₽,В наличии,https://hobbygames.ru/codex-dark-eldar-softback
Tzaangor Enlightened/Skyfires,2 092 ₽,В наличии,https://hobbygames.ru/tzaangor-enlightened
Codex: Necrons 7th edition (Softback),2 358 ₽,В наличии,https://hobbygames.ru/codex-necrons-softback
Blood Angels Captain: Terminator Armour,1 674 ₽,В наличии,https://hobbygames.ru/blood-angels-captain-terminator-armour
KV128 Stormsurge,8 370 ₽,В наличии,https://hobbygames.ru/kv128-stormsurge
Tyranid Tyrannocyte,3 348 ₽,В наличии,https://hobbygames.ru/tyranid-tyrannocyte
Tyranid Venomthropes,3 348 ₽,В наличии,https://hobbygames.ru/tyranid-venomthropes
Space Wolves Warriors of the Fang,12 202 ₽,В наличии,https://hobbygames.ru/space-wolves-warrios-of-the-fang
Officio Prefectus Commissar,1 251 ₽,В наличии,https://hobbygames.ru/officio-prefectus-commissar
Necron Canoptek Spyder,1 883 ₽,В наличии,https://hobbygames.ru/necron-canoptek-spyder
Stormraven Gunship,4 599 ₽,В наличии,https://hobbygames.ru/gw-wh40k-stormraven-gunship
Space Marine Land Speeder Storm,1 674 ₽,В наличии,https://hobbygames.ru/space-marine-land-speeder-storm
Codex Supplement: Raven Guard 8th edition (Hardback),1 708 ₽,Нет в наличии,https://hobbygames.ru/codex-supplement-raven-guard-8th-edition-hardback
Genestealer Cults Magus,1 460 ₽,В наличии,https://hobbygames.ru/genestealer-cults-magus
Tau Empire XV88 Broadside Battlesuit,2 716 ₽,В наличии,https://hobbygames.ru/tau-empire-xv88-broadside-battlesuit
Daemons of Tzeentch Flamers of Tzeentch,1 460 ₽,В наличии,https://hobbygames.ru/flamers-of-tzeentch
Battletome: Beastclaw Raiders (Softback),1 493 ₽,В наличии,https://hobbygames.ru/battletome-beastclaw-raiders-sb
Codex: Space Wolves 7th edition (Softback),2 358 ₽,В наличии,https://hobbygames.ru/codex-space-wolves-sb
Corvus Blackstar,3 766 ₽,В наличии,https://hobbygames.ru/corvus-blackstar
Codex: Deathwatch 7th edition (Hardback) ,2 827 ₽,В наличии,https://hobbygames.ru/codex-deathwatch-hardback-english
Ork Wazbom Blastajet,3 766 ₽,В наличии,https://hobbygames.ru/ork-wazbom-blastajet
Tau Empire TY7 Devilifish,2 092 ₽,В наличии,https://hobbygames.ru/tau-empire-ty7-devilifish
Tau Empire TX4 Piranha,1 674 ₽,В наличии,https://hobbygames.ru/tau-empire-tx4-piranha
Stormfang Gunship,4 185 ₽,В наличии,https://hobbygames.ru/stormfang-gunship
Plague Drones,2 925 ₽,В наличии,https://hobbygames.ru/plague-drones
Necron Catacomb Command Barge / Annihilation Barge,2 092 ₽,В наличии,https://hobbygames.ru/necron-catacomb-command-barge-annihilation-barge
Space Marines Attack Bike,1 460 ₽,В наличии,https://hobbygames.ru/gw-wh40k-space-marine-attack-bike
Tyranid Gargoyle Brood,1 674 ₽,В наличии,https://hobbygames.ru/gw-wh40k-tyranid-gargoyle-brood
Datacards: Imperial Fists 8th edition,820 ₽,Нет в наличии,https://hobbygames.ru/datacards-imperial-fists-8th-edition
Space Marines Primaris Lieutenant in Phobos Armour,1 636 ₽,Нет в наличии,https://hobbygames.ru/space-marines-primaris-lieutenant-in-phobos-armour
Raven Guard Chapter Master Kayvaan Shrike,2 048 ₽,Нет в наличии,https://hobbygames.ru/raven-guard-chapter-master-kayvaan-shrike
Datacards: Iron Hands 8th edition,820 ₽,Нет в наличии,https://hobbygames.ru/datacards-iron-hands-8th-edition
Orks Spearhead Detachment,,Нет в наличии,https://hobbygames.ru/orks-spearhead-detachment
Datacards: Chaos Space Marines 8th Edition (2019),837 ₽,В наличии,https://hobbygames.ru/datacards-chaos-space-marines-2019
Imperium Nihilus: Vigilus Defiant (Hardback),2 990 ₽,В наличии,https://hobbygames.ru/imperium-nihilus-vigilus-defiant
Orks Boomdakka Snazzwagon,2 511 ₽,В наличии,https://hobbygames.ru/orks-boomdakka-snazzwagon
Orks Deffkilla Wartrike,2 511 ₽,В наличии,https://hobbygames.ru/orks-deffkilla-wartrike
Orks Mekboy Workshop,2 092 ₽,В наличии,https://hobbygames.ru/orks-mekboy-workshop
Datacards: Harlequins 8th edition,837 ₽,В наличии,https://hobbygames.ru/datacards-harlequins
Datacards: Imperial Knights 8th edition,837 ₽,В наличии,https://hobbygames.ru/datacards-imperial-knights
Start Collecting! Drukhari,4 599 ₽,В наличии,https://hobbygames.ru/start-collecting-drukhari
Codex: Drukhari 8th edition (Hardback),2 492 ₽,В наличии,https://hobbygames.ru/codex-drukhari-hb-english
Craftworlds Farseer,1 251 ₽,В наличии,https://hobbygames.ru/craftworlds-farseer
Start collecting! Space Wolves,4 185 ₽,В наличии,https://hobbygames.ru/start-collecting-space-wolves
Codex: Deathwatch  7th edition (Softback),2 353 ₽,В наличии,https://hobbygames.ru/codex-deathwatch-sb
Genestealer Cults Goliath,2 925 ₽,В наличии,https://hobbygames.ru/genestealer-cults-goliath
Tyranid Broodlord,2 092 ₽,В наличии,https://hobbygames.ru/tyranid-broodlord
Daemons of Khorne Bloodthrone,2 092 ₽,В наличии,https://hobbygames.ru/daemons-of-khorne-bloodthrone
Daemons of Khorne Bloodthirster,7 114 ₽,В наличии,https://hobbygames.ru/daemons-of-khorne-bloodhirster
Daemons of Khorne Bloodcrushers,5 022 ₽,В наличии,https://hobbygames.ru/daemons-of-khorne-bloodcrushers
Tau Empire XV8 Crisis Battlesuits,3 766 ₽,В наличии,https://hobbygames.ru/tau-empire-xv8-crisis-battlesuits
Skarbrand the Bloodthirster,7 114 ₽,В наличии,https://hobbygames.ru/skarbrand-the-bloodthirster
Harlequin Starweaver,2 092 ₽,В наличии,https://hobbygames.ru/harlequin-starweaver
Vindicator,3 134 ₽,В наличии,https://hobbygames.ru/gw-wh40k-space-marine-vindicator
Space Marine Ironclad Dreadnought,2 511 ₽,В наличии,https://hobbygames.ru/gw-wh40k-space-marine-ironclad-dreadnought
Ork Killa Kans,2 716 ₽,В наличии,https://hobbygames.ru/gw-wh40k-ork-killa-kans
Deathshroud Bodyguard,,Нет в наличии,https://hobbygames.ru/death-guard-deathshroud-dodyguard
Datacards: Salamanders 8th edition,,Нет в наличии,https://hobbygames.ru/datacards-salamanders-8th-edition
Codex Supplement: Imperial Fists 8th edition (Hardback),,Нет в наличии,https://hobbygames.ru/codex-supplement-imperial-fists-8th-edition-hardback
Codex Supplement: Salamanders 8th edition (Hardback),,Нет в наличии,https://hobbygames.ru/codex-supplement-salamanders-8th-edition-hardback
Psychic Awakening: Phoenix Rising,,Нет в наличии,https://hobbygames.ru/psychic-awakening-phoenix-rising
"Warhammer 40,000: Blood of the Phoenix",11 475 ₽,Нет в наличии,https://hobbygames.ru/warhammer-40000-blood-of-the-phoenix
Adeptus Mechanicus Vanguard Detachment,,Нет в наличии,https://hobbygames.ru/adeptus-mechanicus-vanguard-detachment
Chaos Space Marines,2 925 ₽,В наличии,https://hobbygames.ru/chaos-space-marines-2019
Space Marines Marneus Calgar with Honour Guard,2 716 ₽,В наличии,https://hobbygames.ru/marneus-calgar
Orks Rukkatrukk Squigbuggy,2 511 ₽,В наличии,https://hobbygames.ru/orks-rukkatrukk-squigbuggy
Datacards: Orks 8th edition,837 ₽,В наличии,https://hobbygames.ru/datacards-orks-english
Kill Team: T'au Empire Dice Set,670 ₽,В наличии,https://hobbygames.ru/kill-team-t-au-empire-dice
Kill Team: Necrons Dice Set,670 ₽,В наличии,https://hobbygames.ru/kill-team-necrons-dice
Datacards: Space Wolves 8th edition,,Нет в наличии,https://hobbygames.ru/datacards-space-wolves-english
Kill Team: Tyranids Dice Set,670 ₽,В наличии,https://hobbygames.ru/kill-team-tyranids-dice-set
Kill Team: Orks Dice Set,670 ₽,В наличии,https://hobbygames.ru/kill-team-orks-dice-set
Imperial Knights: Knight Valiant,8 370 ₽,В наличии,https://hobbygames.ru/imperial-knights-knight-valiant
Space Wolves Thunderwolf Cavalry,2 762 ₽,В наличии,https://hobbygames.ru/space-wolves-thunderwolf-cavalry
Start Collecting! Militarum Tempestus,,Нет в наличии,https://hobbygames.ru/start-collecting-militarum-tempestus
Start Collecting! Daemons of Khorne,4 599 ₽,В наличии,https://hobbygames.ru/start-collecting-daemons-of-khorne
Primaris Librarian,1 883 ₽,В наличии,https://hobbygames.ru/space-marines-primaris-librarian
"Warhammer 40,000: First Strike",2 092 ₽,В наличии,https://hobbygames.ru/warhammer-40000-first-strike-eng
Genestealer Cults Acolyte Hybrids,2 092 ₽,В наличии,https://hobbygames.ru/genestealer-cults-acolyte-hybrids
Genestealer Cults Acolyte Iconward,1 251 ₽,В наличии,https://hobbygames.ru/genestealer-cults-acolyte-iconward
How To Paint: Deathwatch,567 ₽,В наличии,https://hobbygames.ru/how-to-paint-deathwatch-english
Chaos Spawn,2 092 ₽,В наличии,https://hobbygames.ru/chaos-spawn
Tau Empire XV25 Stealth Battlesuits,1 460 ₽,В наличии,https://hobbygames.ru/tau-empire-xv25-stealth-battlesuits
Adeptus Mechanicus: Tech-Priest Dominus,1 841 ₽,В наличии,https://hobbygames.ru/adeptus-mechanicus-tech-priest-dominus
Space Wolves Upgrade Pack,670 ₽,В наличии,https://hobbygames.ru/space-wolves-upgrade-pack
Adeptus Mechanicus Onager Dunecrawler,3 766 ₽,В наличии,https://hobbygames.ru/adeptus-mechanicus-onager-dunecrawler
Eldar Windriders,1 981 ₽,В наличии,https://hobbygames.ru/eldar-windriders
Blood Angels Sanguinary Guard,2 092 ₽,В наличии,https://hobbygames.ru/blood-angels-sanguinary-guard-2014
Harlequin Death Jester,1 339 ₽,В наличии,https://hobbygames.ru/harlequin-death-jester
Harlequin Shadowseer,1 339 ₽,В наличии,https://hobbygames.ru/shadowseer
Harlequin Skyweavers,2 092 ₽,В наличии,https://hobbygames.ru/harlequin-skyweavers
Grey Knights Nemesis Dreadknight,3 134 ₽,В наличии,https://hobbygames.ru/grey-knights-nemesis-dreadknight
Ork Meganobz,3 181 ₽,В наличии,https://hobbygames.ru/ork-meganobz
Astra Militarum Hydra/Wyvern,2 925 ₽,В наличии,https://hobbygames.ru/astra-militarum-hydra
Tyranid Harpy,4 185 ₽,В наличии,https://hobbygames.ru/tyranid-harpy
Space Marine Librarian,1 507 ₽,В наличии,https://hobbygames.ru/space-marine-librarian
Dark Eldar Wyches,1 674 ₽,В наличии,https://hobbygames.ru/dark-eldar-wyches
Eldar War Walker,1 460 ₽,В наличии,https://hobbygames.ru/gw-wh40k-eldar-war-walker
Cadian Heavy Weapon Squad,2 009 ₽,В наличии,https://hobbygames.ru/gw-wh40k-imperial-guard-cadian-heavy-weapons-squad
Tyranid Termagant Brood,1 674 ₽,В наличии,https://hobbygames.ru/gw-wh40k-tyranid-termagant-brood
Tyranid Hormagaunt Brood,1 674 ₽,В наличии,https://hobbygames.ru/gw-wh40k-tyranid-hormagaunt-brood
Space Wolves Guard Terminators,2 511 ₽,В наличии,https://hobbygames.ru/gw-wh40k-space-wolves-wolf-guard-terminators
Ork Battlewagon,3 766 ₽,В наличии,https://hobbygames.ru/gw-wh40k-ork-battlewagon
Ork Warbiker Mob,2 009 ₽,В наличии,https://hobbygames.ru/gw-wh40k-ork-warbiker-mob
Space Marine Terminator Squad,2 511 ₽,В наличии,https://hobbygames.ru/space-marine-terminator-squad
Craftworlds War Walker,1 674 ₽,В наличии,https://hobbygames.ru/craftworlds-war-walker
Orks Warbiker Mob,2 092 ₽,В наличии,https://hobbygames.ru/ork-warbiker-mob
Space Marine Bike Squad,1 883 ₽,В наличии,https://hobbygames.ru/space-marine-bike-squad
T'au Empire XV104 Riptide Battlesuit,5 440 ₽,В наличии,https://hobbygames.ru/t-au-empire-xv104-riptide-battlesuit
Necrons Tomb Blades,2 092 ₽,В наличии,https://hobbygames.ru/necrons-tomb-blades
Orks Painboy,1 297 ₽,В наличии,https://hobbygames.ru/orks-painboy
Craftworlds Windriders,2 511 ₽,В наличии,https://hobbygames.ru/craftworlds-windriders
Chaos Space Marines Heldrake,,Нет в наличии,https://hobbygames.ru/chaos-space-marines-heldrake-2019
Craftworlds Farseer/Warlock Skyrunner,1 674 ₽,В наличии,https://hobbygames.ru/craftworlds-skyrunner
Space Marine Drop Pod ,2 092 ₽,В наличии,https://hobbygames.ru/space-marine-drop-pod
Orks Stormboyz,1 460 ₽,В наличии,https://hobbygames.ru/ork-stormboyz
Кодекс Адептус Астартес: Космический Десант (8-я редакция) на русском языке,,Нет в наличии,https://hobbygames.ru/warhammer-40000-kodeks-adeptus-astartes-kosmicheskij-desant
Datasheets Cards: Imperial Knights ,,Нет в наличии,https://hobbygames.ru/datasheets-cards-imperial-knights
Drukhari Raider,2 092 ₽,В наличии,https://hobbygames.ru/drukhari-raider
Tau Empire Fire Warriors,2 511 ₽,В наличии,https://hobbygames.ru/tau-empire-fire-warriors
Tyranid Hive Tyrant/The Swarmlord,2 925 ₽,В наличии,https://hobbygames.ru/tyranid-hive-tyrant-the-swarmlord
Codex: Grey Knights 8th edition (Hardback),2 492 ₽,В наличии,https://hobbygames.ru/codex-grey-knights-hb-eng
Codex: Chaos Space Marines 8th edition (Hardback) на английском языке,2 492 ₽,В наличии,https://hobbygames.ru/codex-chaos-space-marines-hb-eng
Wraithguard,2 716 ₽,В наличии,https://hobbygames.ru/craftworlds-wraithguard
Tau XV95 Ghostkeel Battlesuit,4 185 ₽,В наличии,https://hobbygames.ru/tau-xv95-ghostkeel-battlesuit
Space Marine Razorback,2 302 ₽,В наличии,https://hobbygames.ru/space-marine-razorback
Drukhari Scourges,,Нет в наличии,https://hobbygames.ru/drukhari-scourges
Tyranid Warriors,2 716 ₽,В наличии,https://hobbygames.ru/tyranid-warriors
Start Collecting! T'au Empire,5 022 ₽,В наличии,https://hobbygames.ru/start-collecting-t-au-empire
Datacards: Grey Knights 8th edition,837 ₽,В наличии,https://hobbygames.ru/datacards-grey-knights-eng
Rubric Marines,2 716 ₽,В наличии,https://hobbygames.ru/thousand-sons-rubric-marines
Codex Supplement: Traitor Legions 7th edition (Softback),1 888 ₽,В наличии,https://hobbygames.ru/codex-supplement-traitor-legions-soft-back
Magnus the Red,7 533 ₽,В наличии,https://hobbygames.ru/thousand-sons-magnus-the-red
Кодекс: Имперские Рыцари (7-я редакция),1 595 ₽,В наличии,https://hobbygames.ru/kodeks-imperskie-ricari
Datacards: Raven Guard 7th edition,632 ₽,В наличии,https://hobbygames.ru/datacards-raven-guard
"Warhammer 40,000 Datacards: Khorne 7th edition",595 ₽,В наличии,https://hobbygames.ru/warhammer-40000-datacards-khorne
Datacards: White Scars 7th edition,632 ₽,В наличии,https://hobbygames.ru/datacards-white-scars
Codex: Imperial Knights 7th edition,2 358 ₽,В наличии,https://hobbygames.ru/codex-imperial-knights
Datacards: Tau Empire 7th edition,632 ₽,В наличии,https://hobbygames.ru/datacards-tau-empire-2015
Codex: Grey Knights 7th edition,2 827 ₽,В наличии,https://hobbygames.ru/codex-grey-knights
Datacards: Cult Mechanicus 7th edition,595 ₽,В наличии,https://hobbygames.ru/datacards-cult-mechanicus
Waaagh! Ghazghkull: Orcs Supp 7th edition (Softback),1 911 ₽,В наличии,https://hobbygames.ru/waaagh-ghazghkull-codex-orcs-supp
Datacards: Imperial Knights 7th edition,595 ₽,В наличии,https://hobbygames.ru/datacards-imperial-knights-2015
Codex Supplement: Crimson Slaughter 7th edition,1 888 ₽,В наличии,https://hobbygames.ru/codex-supplement-crimson-slaughter
Sanctus Reach: Hour Of The Wolf,1 911 ₽,В наличии,https://hobbygames.ru/sanctus-reash-hour-of-the-wolf
Companies of Fenris: A Space Wolves Painting Guide,1 776 ₽,В наличии,https://hobbygames.ru/companies-of-fenris-a-space-wolves-painting-guide
Psychic Cards: Tyranid,298 ₽,В наличии,https://hobbygames.ru/psychic-cards-tyranid
Psychic Powers Chaos Demons,358 ₽,В наличии,https://hobbygames.ru/psychic-powers-chaos-demons
Codex Supplement: Black Legion 7th edition,1 888 ₽,В наличии,https://hobbygames.ru/codex-supplement-black-legion
Psychic Powers: Adeptus Astartes,790 ₽,В наличии,https://hobbygames.ru/psychic-powers-adeptus-astartes
Codex: Khorne Daemonkin 7th edition,2 827 ₽,В наличии,https://hobbygames.ru/codex-khorne-daemonkin
Codex Supplement: Angels of Death 7th edition,1 888 ₽,В наличии,https://hobbygames.ru/codex-supplement-angels-of-death
Psychic Powers - Eldar,595 ₽,В наличии,https://hobbygames.ru/psychic-powers-eldar
Datacards: Grey Knights 7th edition,325 ₽,В наличии,https://hobbygames.ru/datacards-grey-knights
Datacards: Farsight Enclaves 7th edition,632 ₽,В наличии,https://hobbygames.ru/datacards-farsight-enclaves
Codex: Harlequins 7th edition,2 827 ₽,В наличии,https://hobbygames.ru/codex-harlequins
Codex: Dark Eldar 7th Edition,2 827 ₽,В наличии,https://hobbygames.ru/codex-dark-eldar
Codex: Orks 7th edition (Softback),2 358 ₽,В наличии,https://hobbygames.ru/codex-orks-softback
Codex: Tyranids 6th edition (Softback),2 353 ₽,В наличии,https://hobbygames.ru/codex-tyranids-softback
Codex: Tau Empire 7th edition,2 827 ₽,В наличии,https://hobbygames.ru/codex-tau-empire-2015
Codex: Craftworlds 7th edition (Softback),2 827 ₽,В наличии,https://hobbygames.ru/codex-craftworlds-softback
Codex: Dark Angels 7th edition (2015),3 297 ₽,В наличии,https://hobbygames.ru/codex-dark-angels-2015
Datacards: Skitarii 7th edition,595 ₽,В наличии,https://hobbygames.ru/datacards-skitarii
Datacards: Harlequins 7th edition,595 ₽,В наличии,https://hobbygames.ru/datacards-harlequins-2015
Datacards: Blood Angels 7th edition,511 ₽,В наличии,https://hobbygames.ru/datacards-blood-angels-2015
WAAAGH! Ghazghkull 7th edition (Softback),1 888 ₽,В наличии,https://hobbygames.ru/waaagh-ghazghkull-2nd-ed-softback
Datacards: Craftworlds 7th Edition,595 ₽,В наличии,https://hobbygames.ru/datacards-craftworlds-english-7th-edition
Space Marines Supplement: Clan Raukaan 7th edition,3 060 ₽,В наличии,https://hobbygames.ru/space-marines-supplement-clan-raukaan
Codex: Adeptus Custodes 8th edition (Hardback),2 492 ₽,В наличии,https://hobbygames.ru/codex-adeptus-custodes-hardback
Codex: Death Guard 8th edition (Hardback) на английском языке,2 492 ₽,В наличии,https://hobbygames.ru/codex-death-guard-hardback-english
Codex: Blood Angels 8th edition (Hardback),2 492 ₽,В наличии,https://hobbygames.ru/codex-blood-angels-hb
Codex: Blood Angels 7th edition,2 827 ₽,В наличии,https://hobbygames.ru/codex-blood-angels-2014
Space Wolves Fenrisian Wolf Pack,1 674 ₽,В наличии,https://hobbygames.ru/space-wolves-fenrisian-wolf-pack
Codex: Chaos Daemons 8th edition (Hardback),2 492 ₽,В наличии,https://hobbygames.ru/codex-chaos-daemons-8th-edition-hardback
Codex: Thousand Sons 8th edition (Hardback),2 492 ₽,В наличии,https://hobbygames.ru/codex-thousand-sons-hardback
Daemons of Nurgle: Great Unclean One,7 114 ₽,В наличии,https://hobbygames.ru/daemons-of-nurgle-great-unclean-one
Start Collecting! Tyranids,5 022 ₽,В наличии,https://hobbygames.ru/start-collecting-tyranids
Drukhari Venom,1 674 ₽,В наличии,https://hobbygames.ru/drukhari-venom
Ravenwing Command Squad,2 511 ₽,В наличии,https://hobbygames.ru/dark-angels-ravenwing-command-squad-product-62668
Codex: Chaos Space Marines 7th edition (Softback),2 358 ₽,В наличии,https://hobbygames.ru/codex-chaos-space-marines-softback
Codex: Skitarii 7th edition,1 776 ₽,В наличии,https://hobbygames.ru/codex-skitarii-english
Haemonculus Covens – A Codex: Dark Eldar Supplement 7th edition,2 827 ₽,В наличии,https://hobbygames.ru/haemonculus-covens-a-codex-dark-eldar-supplement
Space Marines Scouts with Sniper Rifles,1 460 ₽,В наличии,https://hobbygames.ru/space-marine-scouts-with-sniper-rifles
Start Collecting! Deathwatch,5 022 ₽,В наличии,https://hobbygames.ru/start-collecting-deathwatch
Codex: Dark Angels 8th edition (Hardback),2 492 ₽,В наличии,https://hobbygames.ru/codex-dark-angels-hb
Datacards: Dark Angeles 7th edition,595 ₽,В наличии,https://hobbygames.ru/datacards-dark-angeles
Codex: Craftworlds 7th edition,3 878 ₽,В наличии,https://hobbygames.ru/codex-craftworlds-english
Codex: Orks 7th edition,2 827 ₽,В наличии,https://hobbygames.ru/codex-orks
T'au Empire Commander,2 716 ₽,В наличии,https://hobbygames.ru/t-au-empire-commander
Start Collecting! Daemons of Nurgle,4 599 ₽,В наличии,https://hobbygames.ru/start-collecting-daemons-of-nurgle
Tau Empire Pathfinder Team,1 883 ₽,В наличии,https://hobbygames.ru/tau-empire-pathfinder-team
Easy to build: Lord Felthius & the Tainted Cohort,2 092 ₽,В наличии,https://hobbygames.ru/easy-to-build-lord-felthius-andamp-the-tainted-cohort
Codex: Blood Angels 7th edition (Softback),2 353 ₽,В наличии,https://hobbygames.ru/codex-blood-angels-softback
Datacards: Necrons 7th edition,595 ₽,В наличии,https://hobbygames.ru/datacards-necron
Blood Angels Chaplain With Jump Pack,1 674 ₽,В наличии,https://hobbygames.ru/blood-angels-chaplain-with-jump-pack
Easy to Build Tyranid Termagants,502 ₽,В наличии,https://hobbygames.ru/easy-to-build-tyranid-termagants
Adeptus Mechanicus Sicarians,2 344 ₽,В наличии,https://hobbygames.ru/adeptus-mechanicus-sicarians
Daemons of Nurgle: Horticulous Slimux,2 716 ₽,В наличии,https://hobbygames.ru/daemons-of-nurgle-horticulous-slimux
Adeptus Custodes Allarus Custodians,,Нет в наличии,https://hobbygames.ru/adeptus-custodes-allarus-custodians
Adeptus Custodes Vertus Praetors,,Нет в наличии,https://hobbygames.ru/adeptus-custodes-vertus-praetors
Datacards: Chaos Daemons 8th edition,837 ₽,В наличии,https://hobbygames.ru/datacards-chaos-daemons
Easy to build: Primaris Redemptor Dreadnought,2 092 ₽,В наличии,https://hobbygames.ru/easy-to-build-space-marines-primaris-redemptor-dreadnought
Daemons of Khorne Bloodletters,1 674 ₽,В наличии,https://hobbygames.ru/daemons-of-khorne-bloodletters
Space Wolves Venerable Dreadnought,2 762 ₽,В наличии,https://hobbygames.ru/space-wolves-venerable-dreadnought
Devastator Squad,2 511 ₽,В наличии,https://hobbygames.ru/space-marine-devastator-squad
Space Marines Scouts,1 460 ₽,В наличии,https://hobbygames.ru/space-marine-scouts
Stormhawk Interceptor ,2 925 ₽,В наличии,https://hobbygames.ru/space-marine-stormhawk-interceptor
Blood Angels Primaris Aggressors,2 716 ₽,В наличии,https://hobbygames.ru/blood-angels-primaris-aggressors
Codex: Tyranids 8th edition (Hardback),2 492 ₽,В наличии,https://hobbygames.ru/codex-tyranids
Grey Knights Paladins,,Нет в наличии,https://hobbygames.ru/grey-knights-paladin-squad
Necron Immortals/Deathmarks,1 883 ₽,В наличии,https://hobbygames.ru/necron-immortals-deathmarks-2017
Adeptus Mechanicus Kastelan Robots,3 766 ₽,В наличии,https://hobbygames.ru/adeptus-mechanicus-kastelan-robots
Death Guard Plagueburst Crawler,3 348 ₽,В наличии,https://hobbygames.ru/death-guard-plagueburst-crawler
"Mortarion, Daemon Primarch of Nurgle",7 533 ₽,В наличии,https://hobbygames.ru/mortarion-daemon-primarch-of-nurgle
Datacards: Death Guard 8th edition,837 ₽,В наличии,https://hobbygames.ru/datacards-death-guard-english
Warzone Fenris: Curse Of The Wulfen (softback),3 771 ₽,В наличии,https://hobbygames.ru/warzone-fenris-curse-of-the-wulfen-softback
Datacards: Chaos Daemons 7th edition,632 ₽,В наличии,https://hobbygames.ru/datacards-chaos-daemons-old
Codex: Space Marines 7th edition,3 292 ₽,В наличии,https://hobbygames.ru/codex-space-marines-new
Codex: Necrons 7th edition,2 827 ₽,В наличии,https://hobbygames.ru/codex-necrons-2015
Shield Of Baal: Leviathan 7th edition (Hardback) ,4 594 ₽,В наличии,https://hobbygames.ru/shield-of-baal-leviathan
Codex: Astra Militarum 7th edition ,3 487 ₽,В наличии,https://hobbygames.ru/codex-astra-militarum
Codex: Chaos Space Marines 7th edition,3 325 ₽,В наличии,https://hobbygames.ru/warhammer-40000-chaos-space-marines-codex-new
Craftworlds Wraithlord,2 716 ₽,В наличии,https://hobbygames.ru/craftworlds-wraithlord
Nurglings,1 460 ₽,В наличии,https://hobbygames.ru/daemons-of-nurgle-nurglings
Dark Imperium,,Нет в наличии,https://hobbygames.ru/warhammer-40000-dark-imperium-english
Datacards: Adeptus Mechanicus 8th edition ,,Нет в наличии,https://hobbygames.ru/datacards-adeptus-mechanicus-english
Codex: Adeptus Mechanicus 8th edition (Hardback),,Нет в наличии,https://hobbygames.ru/codex-adeptus-mechanicus-hb-english
Death Guard Typhus ,,Нет в наличии,https://hobbygames.ru/typhus-herald-of-the-plague-god
Blightlord Terminators,,Нет в наличии,https://hobbygames.ru/death-guard-blightlord-terminators
Space Marines Primaris Impulsor,,Нет в наличии,https://hobbygames.ru/space-marines-primaris-impulsor
Space Marines Primaris Infiltrators,,Нет в наличии,https://hobbygames.ru/space-marines-primaris-infiltrators
 Warhammer Quest: Blackstone Fortress. Cultists of The Abyss,,Нет в наличии,https://hobbygames.ru/warhammer-quest-blackstone-fortress-cultists-of-the-abyss
 Warhammer Quest: Blackstone Fortress. Servants of The Abyss,,Нет в наличии,https://hobbygames.ru/warhammer-quest-blackstone-fortress-servants-of-the-abyss
Raven Guard Primaris Upgrades and Transfers Sheets,,Нет в наличии,https://hobbygames.ru/raven-guard-primaris-upgrades-and-transfers-sheets
Iron Hands Primaris Upgrades and Transfers Sheets,,Нет в наличии,https://hobbygames.ru/iron-hands-primaris-upgrades-and-transfers-sheets
Iron Hands Iron Father Malkaan Feirros,,Нет в наличии,https://hobbygames.ru/iron-hands-iron-father-malkaan-feirros
Space Marines Primaris Eliminators,,Нет в наличии,https://hobbygames.ru/space-marines-primaris-eliminators
Datacards: Raven Guard 8th edition,,Нет в наличии,https://hobbygames.ru/datacards-raven-guard-8th-edition
Space Marines Primaris Invictor Tactical Warsuit,,Нет в наличии,https://hobbygames.ru/space-marines-primaris-invictor-tactical-warsuit
Space Marines: White Scars Dice,,Нет в наличии,https://hobbygames.ru/space-marines-white-scars-dice
Space Marines: Ultramarines Dice,,Нет в наличии,https://hobbygames.ru/space-marines-ultramarines-dice
White Scars Kor'sarro Khan,,Нет в наличии,https://hobbygames.ru/white-scars-kor-sarro-khan
White Scar Primaris Upgrades & Transfers Sheet,,Нет в наличии,https://hobbygames.ru/white-scar-primaris-upgrades-andamp-transfers-sheet
Ultramarines Chief Librarian Tigurius,,Нет в наличии,https://hobbygames.ru/ultramarines-chief-librarian-tigurius
Chaos Knights: Knight Desecrator,,Нет в наличии,https://hobbygames.ru/chaos-knights-knight-desecrator
Astra Militarum Cadian Heavy Weapon Squad,,Нет в наличии,https://hobbygames.ru/astra-militarum-cadian-heavy-weapon-squad
Astra Militarum Cadian Infantry Squad,,Нет в наличии,https://hobbygames.ru/astra-militarum-cadians-infantry-squad
Militarum Auxilla Bullgryns,,Нет в наличии,https://hobbygames.ru/militarum-auxilla-bullgryns-ogryns
Astra Militarum Sentinel,,Нет в наличии,https://hobbygames.ru/astra-militarum-sentinels
Astra Militarum Leman Russ Demolisher,,Нет в наличии,https://hobbygames.ru/astra-militarum-leman-russ-demolishers
Astra Militarum Cadian Command Squad,,Нет в наличии,https://hobbygames.ru/astra-militarum-cadian-command-squad
Astra Militarum Leman Russ Battle Tank,,Нет в наличии,https://hobbygames.ru/astra-militarum-leman-russ-battle-tank
Craftworlds Spiritseer,,Нет в наличии,https://hobbygames.ru/craftworlds-spiritseer
Start collecting! Thousand sons,,Нет в наличии,https://hobbygames.ru/start-collecting-thousand-sons
Start collecting! Primaris space wolves,,Нет в наличии,https://hobbygames.ru/start-collecting-primaris-space-wolves
Adeptus Mechanicus Skorpius Disintegrator,,Нет в наличии,https://hobbygames.ru/adeptus-mechanicus-skorpius-disintegrator
T'au Empire Vanguard Detachment,,Нет в наличии,https://hobbygames.ru/t-au-empire-vanguard-detachment
Necrons Outrider Detachment,,Нет в наличии,https://hobbygames.ru/necrons-outrider-detachment
Imperial Knights Super Heavy Detachment,,Нет в наличии,https://hobbygames.ru/imperial-knights-super-heavy-detachment
Tyranids Spearhead Detachment,,Нет в наличии,https://hobbygames.ru/tyranids-spearhead-detachment
Astra Militarum Spearhead Detachment ,,Нет в наличии,https://hobbygames.ru/astra-militarum-spearhead-detachment
Astra Militarum Baneblade,,Нет в наличии,https://hobbygames.ru/astra-militarum-baneblade
Chaos Space Marines Battalion Detachment,,Нет в наличии,https://hobbygames.ru/chaos-space-marines-battalion-detachment
Space Marines Primaris Repulsor Executioner,,Нет в наличии,https://hobbygames.ru/space-marines-primaris-repulsor-executioner
Space Marines Battalion Detachment,,Нет в наличии,https://hobbygames.ru/space-marines-battalion-detachment
Adepta Sororitas Sister Superior Amalia Novena,1 674 ₽,В наличии,https://hobbygames.ru/adepta-sororitas-sister-superior-amalia-novena
Kill Team: Toofrippa's Krew,,Нет в наличии,https://hobbygames.ru/kill-team-toofrippa-s-krew
Kill Team: Dolorous Strain,,Нет в наличии,https://hobbygames.ru/kill-team-dolorous-strain
Kill Team: Fractal Blades,,Нет в наличии,https://hobbygames.ru/kill-team-fractal-blades
Chaos Space Marines Havocs,,Нет в наличии,https://hobbygames.ru/chaos-space-marines-havocs-2019
Chaos Space Marines Dice Set,,Нет в наличии,https://hobbygames.ru/chaos-space-marines-dice-set
Astra Militarum Severina Raine,,Нет в наличии,https://hobbygames.ru/astra-militarum-severina-raine
Kill Team: Starn's Disciples,,Нет в наличии,https://hobbygames.ru/kill-team-starn-s-disciples
Kill Team: Theta-7 Aquisitus,,Нет в наличии,https://hobbygames.ru/kill-team-theta-7-aquisitus
Genestealer Cults Brood Brothers,,Нет в наличии,https://hobbygames.ru/genestealer-cults-brood-brothers
Chaos Space Marines Noise Marine,,Нет в наличии,https://hobbygames.ru/noise-marine
Chaos Space Marines Haarken Worldclaimer,,Нет в наличии,https://hobbygames.ru/haarken-worldclaimer
Necrons Cryptek,,Нет в наличии,https://hobbygames.ru/necrons-cryptek
Space Marine Heroes 2018,,Нет в наличии,https://hobbygames.ru/space-marine-heroes-2018
Ork Dice Set,,Нет в наличии,https://hobbygames.ru/warhammer-40000-ork-dice
"Warhammer 40,000: Wake the Dead",,Нет в наличии,https://hobbygames.ru/warhammer-40000-wake-the-dead
Knight Preceptor / Canis Rex,,Нет в наличии,https://hobbygames.ru/knight-preceptor-canis-rex
Tooth & Claw,,Нет в наличии,https://hobbygames.ru/warhammer-40000-tooth-and-claw-english
Space Wolves Primaris Upgrades,,Нет в наличии,https://hobbygames.ru/space-wolves-primaris-upgrades
Space Wolves Dice,,Нет в наличии,https://hobbygames.ru/space-wolves-dice
Kill Team: Adeptus Mechanicus Dice Set,,Нет в наличии,https://hobbygames.ru/kill-team-adeptus-mechanicus-dice-set
Kill Team: Astra Militarum Dice Set,,Нет в наличии,https://hobbygames.ru/kill-team-astra-militarum-dice-set
Imperial Knights: Armiger Warglaives,,Нет в наличии,https://hobbygames.ru/imperial-knights-armiger-warglaives
Imperial Knight Dice,,Нет в наличии,https://hobbygames.ru/warhammer-40000-imperial-knight-dice
Imperial Knight: Battle Gauge,,Нет в наличии,https://hobbygames.ru/imperial-knight-battle-gauge
Imperial Knights: Knight Castellan,,Нет в наличии,https://hobbygames.ru/imperial-knights-knight-castellan
Imperial Knights: Armiger Helverins,,Нет в наличии,https://hobbygames.ru/imperial-knights-armiger-helverins
Datacards: Deathwatch 8th edition,,Нет в наличии,https://hobbygames.ru/datacards-deathwatch
Datacards: Drukhari 8th edition,,Нет в наличии,https://hobbygames.ru/datacards-drukhari-english
Start Collecting! Necrons,,Нет в наличии,https://hobbygames.ru/start-collecting-necrons
Datacards: Necrons 8th edition,,Нет в наличии,https://hobbygames.ru/datacards-necrons
Codex: Necrons 8th edition (Hardback) на английском языке,,Нет в наличии,https://hobbygames.ru/codex-necrons
Codex: T'au Empire 8th edition (Hardback),,Нет в наличии,https://hobbygames.ru/codex-tau-empire
Daemons of Slaanesh: Daemonettes,,Нет в наличии,https://hobbygames.ru/daemonettes-of-slaanesh
Drukhari Kabalite Warriors,,Нет в наличии,https://hobbygames.ru/drukhari-kabalite-warriors
Space Marine Centurion Devastator Squad,,Нет в наличии,https://hobbygames.ru/space-marine-centurion-devastator-squad
Space Marines Assault Squad,,Нет в наличии,https://hobbygames.ru/assault-squad
Adeptus Mechanicus: Kataphron Battle Servitors,,Нет в наличии,https://hobbygames.ru/adeptus-mechanicus-kataphron-battle-servitors
Drukhari Haemonculus,,Нет в наличии,https://hobbygames.ru/drukhari-haemonculus
Foul Blightspawn,,Нет в наличии,https://hobbygames.ru/death-guard-goul-blightspawn
Dark Angels Interrogator-Chaplain,,Нет в наличии,https://hobbygames.ru/dark-angels-interrogator-chaplain
Start Collecting! Daemons of Tzeenth,,Нет в наличии,https://hobbygames.ru/start-collecting-daemons-of-tzeenth
Craftworlds Wave Serpent,,Нет в наличии,https://hobbygames.ru/craftworlds-wave-serpent
Start Collecting! Skitarii,,Нет в наличии,https://hobbygames.ru/start-collecting-skitarii
"Getting Started with Warhammer 40,000",,Нет в наличии,https://hobbygames.ru/getting-started-with-warhammer-40k-eng
Start Collecting! Daemons of Slaanesh,,Нет в наличии,https://hobbygames.ru/start-collecting-daemons-of-slaanesh
Primaris Redemptor Dreadnought,,Нет в наличии,https://hobbygames.ru/space-marines-primaris-redemptor-dreadnought
Primaris Reivers,,Нет в наличии,https://hobbygames.ru/space-marines-primaris-reivers
Primaris Aggressors,,Нет в наличии,https://hobbygames.ru/space-marines-primaris-aggressors
Datacards: Space Marines 8th edition,,Нет в наличии,https://hobbygames.ru/datacards-space-marines-english
Primaris Captain,,Нет в наличии,https://hobbygames.ru/space-marines-primaris-captain
Easy to Build: Poxwalkers,,Нет в наличии,https://hobbygames.ru/easy-to-build-death-guard-poxwalkers
Easy to Build: Plague Marines,,Нет в наличии,https://hobbygames.ru/easy-to-build-death-guard-plague-marines
Easy to Build: Primaris Reivers,,Нет в наличии,https://hobbygames.ru/easy-to-build-primaris-reivers
Easy to Build: Primaris Intercessors,,Нет в наличии,https://hobbygames.ru/easy-to-build-primaris-intercessors
Know No Fear на английском языке,,Нет в наличии,https://hobbygames.ru/warhammer-40000-know-no-fear-eng
"Warhammer 40,000: Не ведая страха",,Нет в наличии,https://hobbygames.ru/warhammer-40000-ne-vedaja-straha
Adeptus Custodes Custodian Guard,,Нет в наличии,https://hobbygames.ru/adeptus-custodes-custodian-guard
Astra Telepathica Sisters of Silence,,Нет в наличии,https://hobbygames.ru/astra-telepathica-sisters-of-silence
Mark III Space Marines,,Нет в наличии,https://hobbygames.ru/mark-iii-space-marines
Deathwatch Upgrades Pack,,Нет в наличии,https://hobbygames.ru/deathwatch-upgrades
Tzaangor Shaman,,Нет в наличии,https://hobbygames.ru/tzaangor-shaman
Tzaangors,,Нет в наличии,https://hobbygames.ru/tzaangors
Daemons of Tzeentch Lord of Change,,Нет в наличии,https://hobbygames.ru/lord-of-change-product-57743
Daemons of Tzeentch The Changeling,,Нет в наличии,https://hobbygames.ru/daemons-of-tzeentch-the-changeling
Daemons of Tzeentch Blue Horrors & Brimstone Horrors,,Нет в наличии,https://hobbygames.ru/daemons-of-tzeentch-blue-horrors
Daemons of Tzeentch Pink Horrors,,Нет в наличии,https://hobbygames.ru/daemons-of-tzeentch-pink-horrors-2017
Набор красок: Build+Paint Space Marines Bike Attack,,Нет в наличии,https://hobbygames.ru/buildpaint-space-marines-bike-attack
Набор красок: Build+Paint Space Marines Speeder Strike,,Нет в наличии,https://hobbygames.ru/buildpaint-space-marines-speeder-strike
Набор красок: Build+Paint Space Ork Blastabike,,Нет в наличии,https://hobbygames.ru/buildpaint-space-ork-blastabike
Набор красок: Build+Paint Space Ork Trukkboyz,,Нет в наличии,https://hobbygames.ru/buildpaint-space-ork-trukkboyz
Genestealer Cults Neophyte Hybrids,,Нет в наличии,https://hobbygames.ru/genestealer-cults-neophyte-hybrids
Genestealer Cults Broodcoven,,Нет в наличии,https://hobbygames.ru/genestealer-cults-broodcoven
Deathwatch Watch Master,,Нет в наличии,https://hobbygames.ru/deathwatch-watch-master
Heldrake,,Нет в наличии,https://hobbygames.ru/heldrake
Deathwatch Venerable Dreadnought,,Нет в наличии,https://hobbygames.ru/deathwatch-venerable-dreadnought
Deathwatch Kill Team,,Нет в наличии,https://hobbygames.ru/deathwatch-kill-team
Kharn the Betrayer,,Нет в наличии,https://hobbygames.ru/kharn-the-betrayer
Blood Angels Assault Squad,,Нет в наличии,https://hobbygames.ru/blood-angels-assault-squad
Deathwatch Captain in Terminator Armour,,Нет в наличии,https://hobbygames.ru/deathwatch-watch-capt-terminator-armour
Deathwatch Bikers,,Нет в наличии,https://hobbygames.ru/deathwatch-bikers
Horus Heresy: Space Marine Heroes,,Нет в наличии,https://hobbygames.ru/horus-heresy-space-marine-heroes
Stormcloud Attack: The Eldritch & The Beast,,Нет в наличии,https://hobbygames.ru/stormcloud-attack-the-eldritch-andamp-the-beast
Astra Militarum Tech-Priest Enginseer,,Нет в наличии,https://hobbygames.ru/astra-militarum-tech-priest-enginseer
Company Command,,Нет в наличии,https://hobbygames.ru/space-company-command
Warboss Grukk's Boss-Mob,,Нет в наличии,https://hobbygames.ru/warboss-grukk-s-boss-mob
Daemon Prince,,Нет в наличии,https://hobbygames.ru/daemon-prince-product-54845
Space Wolves Wulfen,,Нет в наличии,https://hobbygames.ru/space-wolves-wulfen
Space Wolves Wolf Lord Krom,,Нет в наличии,https://hobbygames.ru/space-wolves-wolf-lord-krom
Space Wolves Ulrik the Slayer,,Нет в наличии,https://hobbygames.ru/space-wolves-ulrik-the-slayer
Space Wolves Iron Priest,,Нет в наличии,https://hobbygames.ru/space-wolves-iron-priest
Chaos Space Marines Possessed,,Нет в наличии,https://hobbygames.ru/chaos-space-marine-possessed
Officio Assassinorum Eversor Assassin,,Нет в наличии,https://hobbygames.ru/officio-assassinorum-eversor-assassin
Officio Assassinorum Culexus Assassin,,Нет в наличии,https://hobbygames.ru/officio-assassinorum-culexus-assassin
Officio Assassinorum Vindicare Assassin,,Нет в наличии,https://hobbygames.ru/officio-assassinorum-vindicare-assassin
Space Marines Vanguard Veteran Squad,,Нет в наличии,https://hobbygames.ru/space-marine-vanguard-veteran-squad
Adeptus Mechanicus: Electro-Priests,,Нет в наличии,https://hobbygames.ru/adeptus-mechanicus-electro-priests
Blood Angels Upgrade Pack,,Нет в наличии,https://hobbygames.ru/blood-angels-upgrade-pack
Ultramarines Upgrade Pack,,Нет в наличии,https://hobbygames.ru/ultramarines-upgrade-pack
Dark Angels Upgrade Pack,,Нет в наличии,https://hobbygames.ru/dark-angels-upgrade-pack
Eldar Farseer Skyrunner,,Нет в наличии,https://hobbygames.ru/eldar-farseer-skyrunner
Blood Angels Death Company,,Нет в наличии,https://hobbygames.ru/blood-angels-death-company-2014
Blood Angels Sanguinary Priest,,Нет в наличии,https://hobbygames.ru/blood-angels-sanguinary-priest
Necron Overlord,,Нет в наличии,https://hobbygames.ru/necron-overlord
Blood Angels Tactical Squad,,Нет в наличии,https://hobbygames.ru/blood-angels-tactical-squard-old
Ork Morkanaut,,Нет в наличии,https://hobbygames.ru/ork-morkanaut
Ork Mek Gun,,Нет в наличии,https://hobbygames.ru/ork-mek-gun
Ork Painboy,,Нет в наличии,https://hobbygames.ru/ork-painboy
Militarum Auxilla Bullgryns,,Нет в наличии,https://hobbygames.ru/militarum-auxilla-bullgryns
Ork Flash Gitz,,Нет в наличии,https://hobbygames.ru/ork-flash-gitz
Ork Gorkanaut,,Нет в наличии,https://hobbygames.ru/ork-gorkanaut
Chaos Space Marine Rhino,,Нет в наличии,https://hobbygames.ru/chaos-space-marine-rhino
Space Marine Bike Squad,,Нет в наличии,https://hobbygames.ru/space-marine-bike-squad-2013
XV8 Crisis Battlesuit Team,,Нет в наличии,https://hobbygames.ru/xv8-crisis-battlesuit-team
Eldar Hemlock Wrathfighter,,Нет в наличии,https://hobbygames.ru/eldar-hemlock-wrathfighter
Eldar Wraithknight,,Нет в наличии,https://hobbygames.ru/eldar-wraithknight
Tau Hammerhead Gunship,,Нет в наличии,https://hobbygames.ru/hammerhead-gunship
Dark Angels Deathwing Command Squad,,Нет в наличии,https://hobbygames.ru/dark-angels-deathwing-command-squad
Space Wolves Thunderwolf Cavalry,,Нет в наличии,https://hobbygames.ru/space-wolves-thunderwolf-cavalry-2016
Blood Angels Furioso Dreadnought,,Нет в наличии,https://hobbygames.ru/gw-wh40k-blood-angels-furioso-dreadnought
Astra Militarum Chimera,,Нет в наличии,https://hobbygames.ru/gw-wh40k-imperial-guard-chimera
Chaos Space Marines Khorne Berzerkers,,Нет в наличии,https://hobbygames.ru/chaos-khorne-berzerkers
Astra Militarum Leman Russ Demolisher,,Нет в наличии,https://hobbygames.ru/astra-militarum-leman-russ-demolisher
Imperial Guard Valkyrie,,Нет в наличии,https://hobbygames.ru/gw-wh40k-imperial-guard-valkyrie
Imperial Guard Leman Russ Battle Tank,,Нет в наличии,https://hobbygames.ru/gw-wh40k-imperial-guard-leman-russ-battle-tank
Space Marine Terminator Assault Squad,,Нет в наличии,https://hobbygames.ru/gw-wh40k-space-marine-terminator-assault-squad
Venerable Dreadnought,,Нет в наличии,https://hobbygames.ru/gw-wh40k-space-marine-venerable-dreadnought
Ork Gretchin,,Нет в наличии,https://hobbygames.ru/ork-gretchin
Ork Trukk,,Нет в наличии,https://hobbygames.ru/gw-wh40k-ork-trukk
Dreadnought,,Нет в наличии,https://hobbygames.ru/gw-wh40k-space-marine-dreadnought
Space Marine Command Squad,,Нет в наличии,https://hobbygames.ru/space-marine-command-squad
Easy to Build Space Marines,,Нет в наличии,https://hobbygames.ru/gw-wh40k-space-marines-3-models
Space Marines Intercessors Paint Set,,Нет в наличии,https://hobbygames.ru/space-marines-intercessors-paint-set
Death Guard Paint Set,,Нет в наличии,https://hobbygames.ru/death-guard-paint-sets
Craftworlds Dire Avengers,,Нет в наличии,https://hobbygames.ru/craftworlds-dire-avengers
Easy to Build: Chaos Space Marines Cultists,,Нет в наличии,https://hobbygames.ru/easy-to-build-chaos-space-marines-cultists
Chaos Space Marines Rhino,,Нет в наличии,https://hobbygames.ru/chaos-space-marines-rhino-2019
Chaos Space Marines Forgefiend / Maulerfiend,,Нет в наличии,https://hobbygames.ru/chaos-space-marines-forgefiend-2019
Chaos Space Marines Terminator Lord / Sorcerer,,Нет в наличии,https://hobbygames.ru/chaos-space-marines-temintor-lord-2019
Chaos Space Marines Bikers,,Нет в наличии,https://hobbygames.ru/chaos-space-marines-bikers-2019
"Warhammer 40,000: Eisenhorn",,Нет в наличии,https://hobbygames.ru/eisenhorn
Chaos Space Marine Raptors,,Нет в наличии,https://hobbygames.ru/chaos-space-marine-raptors
Orks Warboss Grukk's Boss Mob,,Нет в наличии,https://hobbygames.ru/orks-warboss-grukk-s-boss-mob
Orks Nobz,,Нет в наличии,https://hobbygames.ru/orks-nobz
Orks Lootas,,Нет в наличии,https://hobbygames.ru/orks-lootas
Orks Gretchin,,Нет в наличии,https://hobbygames.ru/orks-gretchin
Orks Boyz,,Нет в наличии,https://hobbygames.ru/orks-boyz
Easy to Build: Orks Boyz,,Нет в наличии,https://hobbygames.ru/easy-to-build-orks-boyz
Drukhari Archon,,Нет в наличии,https://hobbygames.ru/drukhari-archon
Daemons of Tzeentch Pink Horrors,,Нет в наличии,https://hobbygames.ru/daemons-of-tzeentch-pink-horrors
Craftworlds Hemlock Wraithfighter,,Нет в наличии,https://hobbygames.ru/craftworlds-hemlock-wraithfighter
Drukhari Talos,,Нет в наличии,https://hobbygames.ru/drukhari-talos
Necrons Doom Scythe,,Нет в наличии,https://hobbygames.ru/necron-doom-scythe-night-scythe
Necron Canoptek Wraiths,,Нет в наличии,https://hobbygames.ru/necron-canoptek-wraiths
Dark Angels Company Veterans Squad,,Нет в наличии,https://hobbygames.ru/dark-angels-company-veterans-squad
Astra Militarum Sentinel,,Нет в наличии,https://hobbygames.ru/astra-militarum-sentinel
Start Collecting! Astra Militarum,,Нет в наличии,https://hobbygames.ru/start-collecting-astra-militarum
Start Collecting! Space Marines,,Нет в наличии,https://hobbygames.ru/start-collecting-space-marines
Harlequin Troupe,,Нет в наличии,https://hobbygames.ru/harlequin-troupe
Space Marine Land Raider Crusader/Redeemer,,Нет в наличии,https://hobbygames.ru/space-marine-land-raider-crusader-redeemer
Primaris Repulsor,,Нет в наличии,https://hobbygames.ru/space-marines-primaris-repulsor
Primaris Chaplain,,Нет в наличии,https://hobbygames.ru/space-marines-primaris-chaplain
Primaris Apothecary,,Нет в наличии,https://hobbygames.ru/space-marines-primaris-apothecary
Grey Knights Strike Squad,,Нет в наличии,https://hobbygames.ru/grey-knights-strike-squad
Primaris Intercessors,,Нет в наличии,https://hobbygames.ru/space-marines-primaris-intercessors
Primaris Hellblasters,,Нет в наличии,https://hobbygames.ru/space-marines-primaris-hellblasters
Grey Knights Grand Master Voldus,,Нет в наличии,https://hobbygames.ru/grey-knights-grand-master-voldus
Datacards: Chaos Space Marines 8th edition,,Нет в наличии,https://hobbygames.ru/datacards-chaos-space-marines-eng
Easy to Build Craftworlds Guardians,,Нет в наличии,https://hobbygames.ru/easy-to-build-craftworlds-guardians
Primaris Inceptors,,Нет в наличии,https://hobbygames.ru/space-marines-primaris-inceptors
Imperial Knight Warden,,Нет в наличии,https://hobbygames.ru/imperial-knight-warden
Predator,,Нет в наличии,https://hobbygames.ru/space-marine-predator
Exalted Sorcerers,,Нет в наличии,https://hobbygames.ru/thousand-sons-exalted-sorcerers
Thousand Sons Ahriman,,Нет в наличии,https://hobbygames.ru/ahriman-arch-sorcerer-of-tzeentch
Scarab Occult Terminators,,Нет в наличии,https://hobbygames.ru/thousand-sons-scarab-occult-terminators
Start Collecting! Orks,,Нет в наличии,https://hobbygames.ru/start-collecting-orks
Necron Warriors with Canoptek Scarabs,,Нет в наличии,https://hobbygames.ru/necron-warriors-with-canoptek-scarabs
Blood Angels Tactical Squad,,Нет в наличии,https://hobbygames.ru/blood-angels-tactical-squad
Space Marine Sternguard Veteran Squad,,Нет в наличии,https://hobbygames.ru/space-marine-sternguard-veteran-squad
Daemons of Nurgle: Sloppity Bilepiper,,Нет в наличии,https://hobbygames.ru/daemons-of-nurgle-sloppity-bilepiper
Beast of Nurgle,,Нет в наличии,https://hobbygames.ru/daemons-of-nurgle-beast-of-nurgle
Feculent Gnarlmaw,,Нет в наличии,https://hobbygames.ru/feculent-gnarlmaw
Daemons of Nurgle: Spoilpox Scrivener,,Нет в наличии,https://hobbygames.ru/daemons-of-nurgle-spoilpox-scrivener
Adepta Sororitas Celestine The Living Saint,,Нет в наличии,https://hobbygames.ru/celestine-the-living-saint
Inquisitor Greyfax,,Нет в наличии,https://hobbygames.ru/inquisitor-greyfax
Datacards: Adeptus Custodes 8th edition ,,Нет в наличии,https://hobbygames.ru/datacards-adeptus-custodes
Cypher,,Нет в наличии,https://hobbygames.ru/cypher
Adeptus Custodes Custodian Wardens,,Нет в наличии,https://hobbygames.ru/adeptus-custodes-custodian-wardens
Space Marines Roboute Guilliman,,Нет в наличии,https://hobbygames.ru/space-marines-roboute-guilliman
Datacards: Thousand Sons 8th edition,,Нет в наличии,https://hobbygames.ru/datacards-thousand-sons
Captain-General Trajann Valoris,,Нет в наличии,https://hobbygames.ru/captain-general-trajann-valoris
Space Marines Tactical Squad,,Нет в наличии,https://hobbygames.ru/space-marine-tactical-squad
Adeptus Mechanicus Ironstrider,,Нет в наличии,https://hobbygames.ru/adeptus-mechanicus-ironstrider
Easy to build: Death Guard Myphitic Blight-Hauler,,Нет в наличии,https://hobbygames.ru/easy-to-build-death-guard-myphitic-blight-hauler
Easy to Build: Space Marines Primaris Agressors,,Нет в наличии,https://hobbygames.ru/easy-to-build-space-marines-primaris-agressors
Necron Triarch Praetorians/Lychguard,,Нет в наличии,https://hobbygames.ru/necron-triarch-praetorians
Adeptus Mechanicus Skitarii,,Нет в наличии,https://hobbygames.ru/adeptus-mechanikus-skitarii
Start Collecting! Chaos Space Marines,,Нет в наличии,https://hobbygames.ru/start-collecting-chaos-space-marines
Militarum Tempestus Scions,,Нет в наличии,https://hobbygames.ru/militarum-tempestus-scions
Astra Militarum Command Squad,,Нет в наличии,https://hobbygames.ru/cadian-command-squad
Easy to Build Astra Militarum Cadians,,Нет в наличии,https://hobbygames.ru/easy-to-build-astra-militarum-cadians
Astra Militarum Cadians Infantry Squad,,Нет в наличии,https://hobbygames.ru/astra-militarum-cadian-infantry-squad
Dark Angels Primaris Upgrades,,Нет в наличии,https://hobbygames.ru/dark-angels-primaris-upgrades
Datacards: Dark Angels 8th edition,,Нет в наличии,https://hobbygames.ru/datacards-dark-angels
Blood Angels Primaris Hellblasters,,Нет в наличии,https://hobbygames.ru/blood-angels-primaris-hellblasters
Datacards: Blood Angels 8th edition,,Нет в наличии,https://hobbygames.ru/datacards-blood-angels
Datacards: Tyranids 8th edition,,Нет в наличии,https://hobbygames.ru/datacards-tyranids-english
Howling Banshee Dice,,Нет в наличии,https://hobbygames.ru/howling-banshee-dice
Striking Scorpion Dice,,Нет в наличии,https://hobbygames.ru/striking-scorpion-dice
Dark Reapers Dice,,Нет в наличии,https://hobbygames.ru/dark-reapers-dice
Fire Dragon Dice,,Нет в наличии,https://hobbygames.ru/fire-dragon-dice
Dire Avengers Dice,,Нет в наличии,https://hobbygames.ru/dire-avengers-dice
Space Marines Rhino,,Нет в наличии,https://hobbygames.ru/space-marine-rhino-2017
Craftworlds Guardians,,Нет в наличии,https://hobbygames.ru/craftworlds-guardians
Swooping Hawk Dice,,Нет в наличии,https://hobbygames.ru/eldar-aspect-warrior-dice-cubes
Start Collecting! Craftworlds,,Нет в наличии,https://hobbygames.ru/start-collecting-craftworlds
Craftworlds Eldrad Ulthran,,Нет в наличии,https://hobbygames.ru/craftworlds-eldrad-ulthran
Ynnari: Triumvirate of Ynnead,,Нет в наличии,https://hobbygames.ru/ynnari-triumvirate-of-ynnead
Datacards: Craftworlds 8th Edition,,Нет в наличии,https://hobbygames.ru/datacards-craftworlds-english
Datacards: Astra Militarum 8th edition,,Нет в наличии,https://hobbygames.ru/datacards-astra-militarum
Foetid Bloat-drone,,Нет в наличии,https://hobbygames.ru/death-guard-foetid-bloat-drone
Scribbus Wretch the Tallyman,,Нет в наличии,https://hobbygames.ru/death-guard-scribbus-wretch-the-tallyman
"Nauseous Rotbone, the Plague Surgeon",,Нет в наличии,https://hobbygames.ru/death-guard-nauseous-rotbone
Plague Marines,,Нет в наличии,https://hobbygames.ru/death-guard-plague-marines
Plague Marine Champion,,Нет в наличии,https://hobbygames.ru/death-guard-plague-marine-champion
Plague Marine Icon Bearer,,Нет в наличии,https://hobbygames.ru/death-guard-plague-marine-icon-bearer
Biologus Putrifier,,Нет в наличии,https://hobbygames.ru/death-guard-biologus-putrifier
Belisarius Cawl,,Нет в наличии,https://hobbygames.ru/adeptus-mechanicus-belisarius-cawl
30 years of Warhammer 40000: Primaris Veteran Sergeant,,Нет в наличии,https://hobbygames.ru/30-years-of-warhammer-40000-primaris-veteran-sergeant
Raiders of Commorragh: Dark Eldar Painting Guide,,Нет в наличии,https://hobbygames.ru/raiders-of-commorragh-dark-eldar-painting-guide
Tyranid Termagants (малый набор),,Нет в наличии,https://hobbygames.ru/gw-wh40k-tyranid-termagants
Daemons of Nurgle Plaguebearers,,Нет в наличии,https://hobbygames.ru/daemons-of-nurgle-plaguebearers
Кодекс: Империя Т'ау (8-я редакция) на русском языке,,Нет в наличии,https://hobbygames.ru/kodeks-imperija-t-au-8-ja-redakcija-na-russkom-jazike
