side,race,title,price,status,url
Imperium,Blood Angels,Space Marine Scouts,1 400,В наличии,https://goodork.ru/products/48-16
Imperium,Blood Angels,Space Marine Attack Bike,1 570,В наличии,https://goodork.ru/products/48-20
Imperium,Blood Angels,Space Marine Drop Pod,2 250,В наличии,https://goodork.ru/products/48-27
Imperium,Blood Angels,Space Marine Razorback,2 250,В наличии,https://goodork.ru/products/48-21
Imperium,Blood Angels,Blood Angels Captain: Terminator Armour,2 320,В наличии,https://goodork.ru/products/41-16
Imperium,Blood Angels,Blood Angels Furioso Dreadnought,2 920,В наличии,https://goodork.ru/products/41-11
Imperium,Blood Angels,Space Marine Vindicator,3 370,В наличии,https://goodork.ru/products/48-25
Imperium,Blood Angels,Space Marines,540,Нет в наличии,https://goodork.ru/products/35-25
Imperium,Blood Angels,Blood Angels Upgrades,720,Нет в наличии,https://goodork.ru/products/41-80
Imperium,Blood Angels,Blood Angels Primaris Upgrades,720,Нет в наличии,https://goodork.ru/products/blood-angels-primaris-upgrades
Imperium,Blood Angels,Бустер Space Marine Heroes 2,670,Нет в наличии,https://goodork.ru/products/buster-space-marine-heroes-2
Imperium,Blood Angels,Easy To Build Space Marine Primaris Intercessors,900,Нет в наличии,https://goodork.ru/products/easy-to-build-s-m-primaris-intercessors
Imperium,Blood Angels,Datacards: Blood Angels (english),900,Нет в наличии,https://goodork.ru/products/41-04-60
Imperium,Blood Angels,Space Marine Scouts With Sniper Rifles,1 400,Нет в наличии,https://goodork.ru/products/48-29
Imperium,Blood Angels,Space Marine Librarian,1 620,Нет в наличии,https://goodork.ru/products/48-38
Imperium,Blood Angels,Blood Angels Sanguinary Priest,1 620,Нет в наличии,https://goodork.ru/products/41-14
Imperium,Blood Angels,Space Marines Scouts With Sniper Rifles,1 690,Нет в наличии,https://goodork.ru/products/space-marines-scouts-with-sniper-rifles
Imperium,Blood Angels,Space Marines Scouts,1 690,Нет в наличии,https://goodork.ru/products/space-marines-scouts
Imperium,Blood Angels,Blood Angels Chaplain With Jump Pack,1 800,Нет в наличии,https://goodork.ru/products/41-17
Imperium,Blood Angels,Space Marine Land Speeder,1 800,Нет в наличии,https://goodork.ru/products/48-13
Imperium,Blood Angels,Space Marine Command Squad,1 840,Нет в наличии,https://goodork.ru/products/48-17
Imperium,Blood Angels,Primaris Captain In Phobos Armour,1 930,Нет в наличии,https://goodork.ru/products/primaris-librarian-in-phobos-armour
Imperium,Blood Angels,Space Marines Primaris Lieutenant With Power Sword,1 930,Нет в наличии,https://goodork.ru/products/primaris-lieutenant-with-power-sword
Imperium,Blood Angels,Primaris Librarian In Phobos Armour,1 930,Нет в наличии,https://goodork.ru/products/primaris-librarian-in-phobos-armour-1
Imperium,Blood Angels,Space Marine Bike Squad,2 030,Нет в наличии,https://goodork.ru/products/48-11
Imperium,Blood Angels,Blood Angels Death Company,2 030,Нет в наличии,https://goodork.ru/products/41-07
Imperium,Blood Angels,Space Marine Rhino,2 030,Нет в наличии,https://goodork.ru/products/48-12
Imperium,Blood Angels,Space Marines Primaris Captain,2 030,Нет в наличии,https://goodork.ru/products/space-marines-primaris-captain
Imperium,Blood Angels,Blood Angels Sanguinary Guard,2 250,Нет в наличии,https://goodork.ru/products/41-08
Imperium,Blood Angels,Blood Angels Tactical Squad,2 480,Нет в наличии,https://goodork.ru/products/41-12
Imperium,Blood Angels,Space Marine Assault Squad,2 480,Нет в наличии,https://goodork.ru/products/48-09
Imperium,Blood Angels,Space Marine Dreadnought,2 520,Нет в наличии,https://goodork.ru/products/48-26
Imperium,Blood Angels,Space Marines Razorback,2 650,Нет в наличии,https://goodork.ru/products/space-marines-razorback
Imperium,Blood Angels,Codex: Blood Angels (hb) (english),2 680,Нет в наличии,https://goodork.ru/products/41-01-60-1
Imperium,Blood Angels,Space Marine Terminator Squad,2 700,Нет в наличии,https://goodork.ru/products/48-10
Imperium,Blood Angels,Space Marine Devastator Squad,2 700,Нет в наличии,https://goodork.ru/products/48-15
Imperium,Blood Angels,Space Marine Company Command,2 920,Нет в наличии,https://goodork.ru/products/48-51
Imperium,Blood Angels,Space Marine Predator,3 150,Нет в наличии,https://goodork.ru/products/48-23
Imperium,Blood Angels,Space Marines Primaris Infiltrators,3 370,Нет в наличии,https://goodork.ru/products/space-marines-primaris-infiltrators
Imperium,Blood Angels,Space Marine Techmarine With Servitors,3 160,Нет в наличии,https://goodork.ru/products/48-41
Imperium,Blood Angels,Space Marines Primaris Invictor Tactical Warsuit,3 620,Нет в наличии,https://goodork.ru/products/primaris-invictor-tactical-warsuit
Imperium,Blood Angels,Space Marines Predator,3 620,Нет в наличии,https://goodork.ru/products/space-marines-predator
Imperium,Blood Angels,Blood Angels Primaris Hellblasters,3 370,Нет в наличии,https://goodork.ru/products/blood-angels-primaris-hellblasters
Imperium,Blood Angels,Space Marine Land Raider Crusader/Redeemer,4 050,Нет в наличии,https://goodork.ru/products/48-30
Imperium,Blood Angels,Blood Angels Sternguard Veteran Squad,3 860,Нет в наличии,https://goodork.ru/products/blood-angels-sternguard-veteran-squad
Imperium,Blood Angels,Space Marines Primaris Repulsor,4 500,Нет в наличии,https://goodork.ru/products/primaris-repulsor
Imperium,Blood Angels,Stormraven Gunship,4 950,Нет в наличии,https://goodork.ru/products/41-10
Imperium,Blood Angels,Start Collecting! Blood Angels,5 400,Нет в наличии,https://goodork.ru/products/start-collecting-blood-angels
Imperium,Blood Angels,Дисплей Space Marine Heroes 2,8 040,Нет в наличии,https://goodork.ru/products/displei-space-marine-heroes-2
Imperium,Dark Angels,Space Marine Scouts,1 400,В наличии,https://goodork.ru/products/48-16
Imperium,Dark Angels,Space Marine Attack Bike,1 570,В наличии,https://goodork.ru/products/48-20
Imperium,Dark Angels,Space Marine Razorback,2 250,В наличии,https://goodork.ru/products/48-21
Imperium,Dark Angels,Space Marine Drop Pod,2 250,В наличии,https://goodork.ru/products/48-27
Imperium,Dark Angels,Space Marine Vindicator,3 370,В наличии,https://goodork.ru/products/48-25
Imperium,Dark Angels,Dark Angels Upgrades,720,Нет в наличии,https://goodork.ru/products/44-80
Imperium,Dark Angels,Dark Angels Primaris Upgrades,720,Нет в наличии,https://goodork.ru/products/dark-angels-primaris-upgrades
Imperium,Dark Angels,Datacards: Dark Angels (english),900,Нет в наличии,https://goodork.ru/products/datacards-dark-angels-english
Imperium,Dark Angels,Space Marine Scouts With Sniper Rifles,1 400,Нет в наличии,https://goodork.ru/products/48-29
Imperium,Dark Angels,Space Marine Librarian,1 620,Нет в наличии,https://goodork.ru/products/48-38
Imperium,Dark Angels,Belial,1 560,Нет в наличии,https://goodork.ru/products/belial
Imperium,Dark Angels,Space Marines Scouts With Sniper Rifles,1 690,Нет в наличии,https://goodork.ru/products/space-marines-scouts-with-sniper-rifles
Imperium,Dark Angels,Space Marines Scouts,1 690,Нет в наличии,https://goodork.ru/products/space-marines-scouts
Imperium,Dark Angels,Space Marine Land Speeder,1 800,Нет в наличии,https://goodork.ru/products/48-13
Imperium,Dark Angels,Dark Angels Company Veterans Squad,1 800,Нет в наличии,https://goodork.ru/products/44-09
Imperium,Dark Angels,Space Marine Command Squad,1 840,Нет в наличии,https://goodork.ru/products/48-17
Imperium,Dark Angels,Primaris Captain In Phobos Armour,1 930,Нет в наличии,https://goodork.ru/products/primaris-librarian-in-phobos-armour
Imperium,Dark Angels,Space Marines Primaris Lieutenant With Power Sword,1 930,Нет в наличии,https://goodork.ru/products/primaris-lieutenant-with-power-sword
Imperium,Dark Angels,Primaris Librarian In Phobos Armour,1 930,Нет в наличии,https://goodork.ru/products/primaris-librarian-in-phobos-armour-1
Imperium,Dark Angels,Space Marines Primaris Captain,2 030,Нет в наличии,https://goodork.ru/products/space-marines-primaris-captain
Imperium,Dark Angels,Space Marine Rhino,2 030,Нет в наличии,https://goodork.ru/products/48-12
Imperium,Dark Angels,Space Marine Bike Squad,2 030,Нет в наличии,https://goodork.ru/products/48-11
Imperium,Dark Angels,Space Marine Assault Squad,2 480,Нет в наличии,https://goodork.ru/products/48-09
Imperium,Dark Angels,Space Marine Dreadnought,2 520,Нет в наличии,https://goodork.ru/products/48-26
Imperium,Dark Angels,Space Marines Razorback,2 650,Нет в наличии,https://goodork.ru/products/space-marines-razorback
Imperium,Dark Angels,Codex: Dark Angels (hb) (english),2 680,Нет в наличии,https://goodork.ru/products/44-01-60-1
Imperium,Dark Angels,Dark Angels Ravenwing Command Squad,2 700,Нет в наличии,https://goodork.ru/products/44-11
Imperium,Dark Angels,Space Marine Devastator Squad,2 700,Нет в наличии,https://goodork.ru/products/48-15
Imperium,Dark Angels,Space Marine Venerable Dreadnought,2 920,Нет в наличии,https://goodork.ru/products/48-32
Imperium,Dark Angels,Space Marine Company Command,2 920,Нет в наличии,https://goodork.ru/products/48-51
Imperium,Dark Angels,Space Marine Predator,3 150,Нет в наличии,https://goodork.ru/products/48-23
Imperium,Dark Angels,Deathwing Command Squad,3 150,Нет в наличии,https://goodork.ru/products/44-10
Imperium,Dark Angels,Space Marines Primaris Infiltrators,3 370,Нет в наличии,https://goodork.ru/products/space-marines-primaris-infiltrators
Imperium,Dark Angels,Space Marine Techmarine With Servitors,3 160,Нет в наличии,https://goodork.ru/products/48-41
Imperium,Dark Angels,Space Marines Predator,3 620,Нет в наличии,https://goodork.ru/products/space-marines-predator
Imperium,Dark Angels,Space Marines Primaris Invictor Tactical Warsuit,3 620,Нет в наличии,https://goodork.ru/products/primaris-invictor-tactical-warsuit
Imperium,Dark Angels,Space Marine Land Raider Crusader/Redeemer,4 050,Нет в наличии,https://goodork.ru/products/48-30
Imperium,Dark Angels,Ravenwing Darkshroud,4 560,Нет в наличии,https://goodork.ru/products/44-08
Imperium,Dark Angels,Ravenwing Dark Talon,5 270,Нет в наличии,https://goodork.ru/products/44-07
Imperium,Deathwatch,Deathwatch Corvus Blackstar,4 050,В наличии,https://goodork.ru/products/corvus-blackstar
Imperium,Deathwatch,Deathwatch Upgrades,720,Нет в наличии,https://goodork.ru/products/deathwatch-upgrades
Imperium,Deathwatch,Datacards: Deathwatch (english),900,Нет в наличии,https://goodork.ru/products/datacards-deathwatch
Imperium,Deathwatch,Deathwatch Watch Capt./terminator Armour,1 350,Нет в наличии,https://goodork.ru/products/deathwatch-terminator-captain
Imperium,Deathwatch,Deathwatch Watch Master,1 570,Нет в наличии,https://goodork.ru/products/glava-dozora-karaula-smerti-deathwatch-watch-master
Imperium,Deathwatch,Deathwatch Kill Team,2 030,Нет в наличии,https://goodork.ru/products/deathwatch-killteam
Imperium,Deathwatch,Space Marines Primaris Captain,2 030,Нет в наличии,https://goodork.ru/products/space-marines-primaris-captain
Imperium,Deathwatch,Codex: Deathwatch (hardback) (english),2 680,Нет в наличии,https://goodork.ru/products/codex-deathwatch
Imperium,Deathwatch,Deathwatch Venerable Dreadnought,3 510,Нет в наличии,https://goodork.ru/products/deathwatch-venerable-dread
Imperium,Deathwatch,Start Collecting! Deathwatch,5 400,Нет в наличии,https://goodork.ru/products/start-collecting-deathwatch
Imperium,Grey Knights,Grey Knights Grand Master Voldus,1 800,В наличии,https://goodork.ru/products/grand-master-voldus
Imperium,Grey Knights,Space Marine Razorback,2 250,В наличии,https://goodork.ru/products/48-21
Imperium,Grey Knights,Datacards: Grey Knights (english),900,Нет в наличии,https://goodork.ru/products/datacards-grey-knights
Imperium,Grey Knights,Grey Knights Crusaders,1 140,Нет в наличии,https://goodork.ru/products/99800107014
Imperium,Grey Knights,Space Marine Rhino,2 030,Нет в наличии,https://goodork.ru/products/48-12
Imperium,Grey Knights,Space Marines Primaris Captain,2 030,Нет в наличии,https://goodork.ru/products/space-marines-primaris-captain
Imperium,Grey Knights,Space Marine Dreadnought,2 520,Нет в наличии,https://goodork.ru/products/48-26
Imperium,Grey Knights,Space Marines Razorback,2 650,Нет в наличии,https://goodork.ru/products/space-marines-razorback
Imperium,Grey Knights,Codex: Grey Knights (hb) (english),2 680,Нет в наличии,https://goodork.ru/products/codex-grey-knights
Imperium,Grey Knights,Grey Knights Paladin Squad,2 700,Нет в наличии,https://goodork.ru/products/57-09
Imperium,Grey Knights,Grey Knights Strike Squad,3 370,Нет в наличии,https://goodork.ru/products/57-08
Imperium,Grey Knights,Grey Knights Nemesis Dreadknight,3 370,Нет в наличии,https://goodork.ru/products/57-10
Imperium,Grey Knights,Space Marine Techmarine With Servitors,3 160,Нет в наличии,https://goodork.ru/products/48-41
Imperium,Grey Knights,Space Marine Land Raider Crusader/Redeemer,4 050,Нет в наличии,https://goodork.ru/products/48-30
Imperium,Space Marines,Бустер Space Marine Heroes,450,В наличии,https://goodork.ru/products/buster-space-matine-heroes
Imperium,Space Marines,Space Marine Scouts,1 400,В наличии,https://goodork.ru/products/48-16
Imperium,Space Marines,Space Marine Attack Bike,1 570,В наличии,https://goodork.ru/products/48-20
Imperium,Space Marines,Warhammer 40000: Chapter Approved (eng),2 140,В наличии,https://goodork.ru/products/40-07-60
Imperium,Space Marines,Codex: White Scars (hb) (english),2 010,В наличии,https://goodork.ru/products/codex-white-scars-hb-englich
Imperium,Space Marines,Space Marine Drop Pod,2 250,В наличии,https://goodork.ru/products/48-27
Imperium,Space Marines,Space Marine Razorback,2 250,В наличии,https://goodork.ru/products/48-21
Imperium,Space Marines,Space Marine Ironclad Dreadnought,2 700,В наличии,https://goodork.ru/products/48-46
Imperium,Space Marines,Marneus Calgar: Ultra Marines Chapter Master,2 920,В наличии,https://goodork.ru/products/99810101013
Imperium,Space Marines,Space Marine Veterans,2 900,В наличии,https://goodork.ru/products/99810101068
Imperium,Space Marines,Space Marine Vindicator,3 370,В наличии,https://goodork.ru/products/48-25
Imperium,Space Marines,Space Marines,540,Нет в наличии,https://goodork.ru/products/35-25
Imperium,Space Marines,Getting Started With Warhammer 40k (eng),540,Нет в наличии,https://goodork.ru/products/getting-started-with-warhammer-40k-eng
Imperium,Space Marines,Warhammer40k: Tactical Objective Cards (eng),720,Нет в наличии,https://goodork.ru/products/wh40k-tactical-objective-cards-eng
Imperium,Space Marines,Ultramarines Upgrades,720,Нет в наличии,https://goodork.ru/products/48-80
Imperium,Space Marines,Бустер Space Marine Heroes 2,670,Нет в наличии,https://goodork.ru/products/buster-space-marine-heroes-2
Imperium,Space Marines,Citadel Paints: Ultramarines,770,Нет в наличии,https://goodork.ru/products/citadel-paints-ultramarines
Imperium,Space Marines,Easy To Build Space Marines Primaris Reivers,900,Нет в наличии,https://goodork.ru/products/easy-to-build-s-marines-primaris-reivers
Imperium,Space Marines,Datacards: Space Marines (eng),900,Нет в наличии,https://goodork.ru/products/datacards-space-marine-eng
Imperium,Space Marines,Space Marine Ultramarines Primaris Upgrades,900,Нет в наличии,https://goodork.ru/products/ultramarines-primaris-upgrades
Imperium,Space Marines,Easy To Build Space Marine Primaris Intercessors,900,Нет в наличии,https://goodork.ru/products/easy-to-build-s-m-primaris-intercessors
Imperium,Space Marines,Глиссер Космодесанта(SPACE MARINE SPEEDER STRIKE),895,Нет в наличии,https://goodork.ru/products/glisser-kosmodesanta-space-marine-speeder-strike
Imperium,Space Marines,Ultramarine Paint Set,900,Нет в наличии,https://goodork.ru/products/ultramarine-paint-set
Imperium,Space Marines,Datacards: Ultramarines (english),970,Нет в наличии,https://goodork.ru/products/datacards-ultramarines-englich
Imperium,Space Marines,Datacards: Space Marines (english),970,Нет в наличии,https://goodork.ru/products/datacards-space-marines-englich
Imperium,Space Marines,Datacards: White Scars (english),970,Нет в наличии,https://goodork.ru/products/datacards-white-scars-englich
Imperium,Space Marines,Datacards: Raven Guard (english),970,Нет в наличии,https://goodork.ru/products/datacards-raven-guard-english
Imperium,Space Marines,Datacards: Iron Hands (english),970,Нет в наличии,https://goodork.ru/products/datacards-iron-hands-english
Imperium,Space Marines,Terminus Ultra Upgrade Pack,1 050,Нет в наличии,https://goodork.ru/products/terminus-ultra-upgrade-pack
Imperium,Space Marines,Space Marine Scouts With Sniper Rifles,1 400,Нет в наличии,https://goodork.ru/products/48-29
Imperium,Space Marines,White Scar Primaris Upgrades & Transfers,1 450,Нет в наличии,https://goodork.ru/products/white-scar-primaris-upgrades-transfers
Imperium,Space Marines,Raven Guard Primaris Upgrades & Transfrs,1 450,Нет в наличии,https://goodork.ru/products/raven-guard-primaris-upgrades-transfrs
Imperium,Space Marines,Iron Hands Primaris Upgrades & Transfers,1 450,Нет в наличии,https://goodork.ru/products/iron-hands-primaris-upgrades-transfers
Imperium,Space Marines,Imperial Fists Primaris Upgrades & Trnfs,1 450,Нет в наличии,https://goodork.ru/products/imperial-fists-primaris-upgrades-trnfs
Imperium,Space Marines,Salamanders Primaris Upgrades & Transfrs,1 450,Нет в наличии,https://goodork.ru/products/salamanders-primaris-upgrades-transfrs
Imperium,Space Marines,Space Marine Librarian,1 620,Нет в наличии,https://goodork.ru/products/48-38
Imperium,Space Marines,Space Marines Scouts With Sniper Rifles,1 690,Нет в наличии,https://goodork.ru/products/space-marines-scouts-with-sniper-rifles
Imperium,Space Marines,Space Marines Scouts,1 690,Нет в наличии,https://goodork.ru/products/space-marines-scouts
Imperium,Space Marines,Space Marine Land Speeder,1 800,Нет в наличии,https://goodork.ru/products/48-13
Imperium,Space Marines,Intercessors + Paint Set,1 800,Нет в наличии,https://goodork.ru/products/60-11
Imperium,Space Marines,Space Marine Land Speeder Storm,1 800,Нет в наличии,https://goodork.ru/products/48-35
Imperium,Space Marines,Easy To Build Space Marine Primaris Aggressors,1 800,Нет в наличии,https://goodork.ru/products/easy-to-build-primaris-aggressors
Imperium,Space Marines,Space Marine Command Squad,1 840,Нет в наличии,https://goodork.ru/products/48-17
Imperium,Space Marines,"Warhammer 40,000. Кодекс Адептус Астартес: Космический Десант",1 790,Нет в наличии,https://goodork.ru/products/warhammer-40-000-kodeks-adeptus-astartes-kosmicheskii-desant
Imperium,Space Marines,Primaris Lieutenant In Phobos Armour,1 930,Нет в наличии,https://goodork.ru/products/primaris-lieutenant-in-phobos-armour
Imperium,Space Marines,Space Marines: Ultramarines Dice,1 930,Нет в наличии,https://goodork.ru/products/space-marines-ultramarines-dice
Imperium,Space Marines,Space Marines: White Scars Dice,1 930,Нет в наличии,https://goodork.ru/products/space-marines-white-scars-dice
Imperium,Space Marines,Primaris Captain In Phobos Armour,1 930,Нет в наличии,https://goodork.ru/products/primaris-librarian-in-phobos-armour
Imperium,Space Marines,Space Marines Primaris Lieutenant With Power Sword,1 930,Нет в наличии,https://goodork.ru/products/primaris-lieutenant-with-power-sword
Imperium,Space Marines,Primaris Librarian In Phobos Armour,1 930,Нет в наличии,https://goodork.ru/products/primaris-librarian-in-phobos-armour-1
Imperium,Space Marines,Codex: Ultramarines (hb) (english),2 010,Нет в наличии,https://goodork.ru/products/codex-ultramarines-hb-englich
Imperium,Space Marines,Codex: Imperial Fists (english),2 010,Нет в наличии,https://goodork.ru/products/codex-imperial-fists-english
Imperium,Space Marines,Codex: Salamanders (english),2 010,Нет в наличии,https://goodork.ru/products/codex-salamanders-english
Imperium,Space Marines,Codex: Raven Guard (hb) (english),2 010,Нет в наличии,https://goodork.ru/products/codex-raven-guard-hb-english
Imperium,Space Marines,Codex: Iron Hands (hb) (english),2 010,Нет в наличии,https://goodork.ru/products/codex-iron-hands-hb-english
Imperium,Space Marines,Space Marine Bike Squad,2 030,Нет в наличии,https://goodork.ru/products/48-11
Imperium,Space Marines,Space Marine Rhino,2 030,Нет в наличии,https://goodork.ru/products/48-12
Imperium,Space Marines,Space Marines Primaris Chaplain,2 030,Нет в наличии,https://goodork.ru/products/primaris-chaplain
Imperium,Space Marines,Space Marines Primaris Apothecary,2 030,Нет в наличии,https://goodork.ru/products/primaris-apothecary
Imperium,Space Marines,Space Marines Primaris Captain,2 030,Нет в наличии,https://goodork.ru/products/space-marines-primaris-captain
Imperium,Space Marines,Space Marines Primaris Librarian,2 030,Нет в наличии,https://goodork.ru/products/space-marines-primaris-librarian
Imperium,Space Marines,Warhammer 40000: First Strike (english),2 250,Нет в наличии,https://goodork.ru/products/warhammer-40000-first-strike-english
Imperium,Space Marines,Easy To Build Primaris Redemptor Dreadnought,2 250,Нет в наличии,https://goodork.ru/products/easy-to-build-primaris-redemptor-dreadnought
Imperium,Space Marines,Space Marine Vanguard Veteran Squad,2 250,Нет в наличии,https://goodork.ru/products/48-18
Imperium,Space Marines,Iron Hands Feirros,2 410,Нет в наличии,https://goodork.ru/products/iron-hands-feirros
Imperium,Space Marines,Salamanders Adrax Agatone,2 410,Нет в наличии,https://goodork.ru/products/salamanders-adrax-agatone
Imperium,Space Marines,Raven Guard Kayvaan Shrike,2 410,Нет в наличии,https://goodork.ru/products/raven-guard-kayvaan-shrike
Imperium,Space Marines,Ultramarines Chief Librarian Tigurius,2 410,Нет в наличии,https://goodork.ru/products/ultramarines-chief-librarian-tigurius
Imperium,Space Marines,White Scars Kor'sarro Khan,2 410,Нет в наличии,https://goodork.ru/products/white-scars-kor-sarro-khan
Imperium,Space Marines,Imperial Fists Tor Garadon,2 410,Нет в наличии,https://goodork.ru/products/imperial-fists-tor-garadon
Imperium,Space Marines,Space Marine Assault Squad,2 480,Нет в наличии,https://goodork.ru/products/48-09
Imperium,Space Marines,Space Marine Tactical Squad,2 480,Нет в наличии,https://goodork.ru/products/48-07-1
Imperium,Space Marines,Space Marine Terminator Close Combat Squad,2 520,Нет в наличии,https://goodork.ru/products/48-34
Imperium,Space Marines,Space Marine Dreadnought,2 520,Нет в наличии,https://goodork.ru/products/48-26
Imperium,Space Marines,CYPHER,2 460,Нет в наличии,https://goodork.ru/products/cypher
Imperium,Space Marines,Space Marines Razorback,2 650,Нет в наличии,https://goodork.ru/products/space-marines-razorback
Imperium,Space Marines,Space Marine Sternguard Veteran Squad,2 700,Нет в наличии,https://goodork.ru/products/warhammer-40000-miniatures-space-marine-sternguard-veteran-squad
Imperium,Space Marines,Space Marines Primaris Inceptors,2 700,Нет в наличии,https://goodork.ru/products/primaris-inceptors
Imperium,Space Marines,Space Marines Primaris  Aggressors,2 700,Нет в наличии,https://goodork.ru/products/space-marines-primaris-agressors
Imperium,Space Marines,Mark Iii Space Marines,2 700,Нет в наличии,https://goodork.ru/products/mark-iii-space-marines
Imperium,Space Marines,Space Marine Terminator Squad,2 700,Нет в наличии,https://goodork.ru/products/48-10
Imperium,Space Marines,Space Marine Devastator Squad,2 700,Нет в наличии,https://goodork.ru/products/48-15
Imperium,Space Marines,Codex: Space Marines (hb) (english),2 870,Нет в наличии,https://goodork.ru/products/codex-space-marines-hb-english
Imperium,Space Marines,Space Marines Primaris Eliminators,2 890,Нет в наличии,https://goodork.ru/products/space-marines-primaris-eliminators
Imperium,Space Marines,Space Marine Venerable Dreadnought,2 920,Нет в наличии,https://goodork.ru/products/48-32
Imperium,Space Marines,Space Marine Company Command,2 920,Нет в наличии,https://goodork.ru/products/48-51
Imperium,Space Marines,Space Marines Primaris Reivers,3 150,Нет в наличии,https://goodork.ru/products/space-marine-primaris-reivers
Imperium,Space Marines,Space Marines Primaris Intercessors,3 150,Нет в наличии,https://goodork.ru/products/primaris-intercessors
Imperium,Space Marines,Space Marines Primaris Hellblasters,3 150,Нет в наличии,https://goodork.ru/products/primaris-hellblasters
Imperium,Space Marines,Space Marine Stormhawk Interceptor,3 150,Нет в наличии,https://goodork.ru/products/48-42
Imperium,Space Marines,Space Marine Predator,3 150,Нет в наличии,https://goodork.ru/products/48-23
Imperium,Space Marines,Space Marines Roboute Guilliman,3 370,Нет в наличии,https://goodork.ru/products/space-marines-roboute-guilliman
Imperium,Space Marines,Space Marines Primaris Infiltrators,3 370,Нет в наличии,https://goodork.ru/products/space-marines-primaris-infiltrators
Imperium,Space Marines,Space Marine Techmarine With Servitors,3 160,Нет в наличии,https://goodork.ru/products/48-41
Imperium,Space Marines,Space Marine Primaris Redemptor Dreadnought,3 600,Нет в наличии,https://goodork.ru/products/space-marine-primaris-redemptor-drednoight
Imperium,Space Marines,Space Marines Primaris Invictor Tactical Warsuit,3 620,Нет в наличии,https://goodork.ru/products/primaris-invictor-tactical-warsuit
Imperium,Space Marines,Space Marines Predator,3 620,Нет в наличии,https://goodork.ru/products/space-marines-predator
Imperium,Space Marines,Space Marine Land Raider Crusader/Redeemer,4 050,Нет в наличии,https://goodork.ru/products/48-30
Imperium,Space Marines,Space Marine Centurion Devastator Squad,4 280,Нет в наличии,https://goodork.ru/products/48-24
Imperium,Space Marines,Space Marines Primaris Impulsor,4 340,Нет в наличии,https://goodork.ru/products/space-marines-primaris-impulsor
Imperium,Space Marines,Whirlwind,4 050,Нет в наличии,https://goodork.ru/products/gw_356
Imperium,Space Marines,Space Marines Primaris Repulsor,4 500,Нет в наличии,https://goodork.ru/products/primaris-repulsor
Imperium,Space Marines,Warhammer 40000: Know No Fear (english),4 500,Нет в наличии,https://goodork.ru/products/warhammer-40000-know-no-fear
Imperium,Space Marines,Warhammer 40000: Know No Fear (russian),4 500,Нет в наличии,https://goodork.ru/products/warhammer-40000-know-no-fear-na-russkom
Imperium,Space Marines,Space Marine Stalker,4 560,Нет в наличии,https://goodork.ru/products/48-31
Imperium,Space Marines,Stormraven Gunship,4 950,Нет в наличии,https://goodork.ru/products/41-10
Imperium,Space Marines,Start Collecting! Space Marines,4 950,Нет в наличии,https://goodork.ru/products/st12
Imperium,Space Marines,Дисплей Space Marine Heroes,5 400,Нет в наличии,https://goodork.ru/products/displei-space-matine-heroes
Imperium,Space Marines,Warhammer 40000: Dark Imperium (english),8 550,Нет в наличии,https://goodork.ru/products/warhammer-40000-dark-imperium-english
Imperium,Space Marines,Дисплей Space Marine Heroes 2,8 040,Нет в наличии,https://goodork.ru/products/displei-space-marine-heroes-2
Imperium,Space Marines,Space Marines Battalion Detachment,9 000,Нет в наличии,https://goodork.ru/products/space-marines-battalion-detachment
Imperium,Space Marines,Warhammer 40000: Shadowspear (english),9 450,Нет в наличии,https://goodork.ru/products/warhammer-40000-shadowspear-english
